vehiculo,nombre_original,nombre,posicion,stock,ubicacion,precio,ultimo_precio,venta,nota,observaciones
116I 2006,AIRBAG DE CORTINA LH,Airbag De Cortina,Izquierda,DISPONIBLE,SANTIAGO,55000,50000,,,
116I 2006,AIRBAG DE CORTINA RH,Airbag De Cortina,Derecha,DISPONIBLE,SANTIAGO,55000,50000,,,
116I 2006,ALTERNADOR,Alternador,,VENDIDO,SANTIAGO,90000,85000,,,
116I 2006,AMORTIGUADOR DELANTERO LH,Amortiguador,Delantera Izquierda,VENDIDO,SANTIAGO,55000,50000,,,
116I 2006,AMORTIGUADOR DELANTERO RH,Amortiguador,Delantera Derecha,VENDIDO,SANTIAGO,90000,80000,,,
116I 2006,AMORTIGUADOR PORTALÓN LH,Amortiguador Portalón,Izquierda,VENDIDO,SANTIAGO,25000,20000,,,
116I 2006,AMORTIGUADOR PORTALÓN RH,Amortiguador Portalón,Derecha,VENDIDO,SANTIAGO,25000,20000,,,
116I 2006,AMORTIGUADOR TRASERO LH,Amortiguador,Trasera Izquierda,VENDIDO,SANTIAGO,30000,25000,,,
116I 2006,AMORTIGUADOR TRASERO RH,Amortiguador,Trasera Derecha,VENDIDO,SANTIAGO,30000,25000,,,
116I 2006,AMPLIFICADOR,Amplificador,,VENDIDO,SANTIAGO,,,,,
116I 2006,ANTENA,Antena,,DISPONIBLE,SANTIAGO,,,,,
116I 2006,ASIENTO DELANTERO LH,Asiento,Delantera Izquierda,NO DISPONIBLE,N/A,,,,,Último precio dice MALO - no es precio
116I 2006,ASIENTO DELANTERO RH,Asiento,Delantera Derecha,DISPONIBLE,SANTIAGO,60000,50000,,,
116I 2006,ASIENTOS TRASEROS,Asiento,Trasera,DISPONIBLE,REQUINOA,60000,50000,,,Nombre en plural - son 2 asientos
116I 2006,AUXILIAR,Auxiliar,,DISPONIBLE,SANTIAGO,15000,10000,,,Nombre tiene espacio extra al final
116I 2006,BANDEJA DELANTERA INFERIOR LH,Bandeja,Delantera Inferior Izquierda,VENDIDO,SANTIAGO,45000,40000,,PEQUEÑA,
116I 2006,BANDEJA DELANTERA INFERIOR RH,Bandeja,Delantera Inferior Derecha,VENDIDO,SANTIAGO,45000,40000,,PEQUEÑA,
116I 2006,BANDEJA DELANTERA SUPERIOR LH,Bandeja,Delantera Superior Izquierda,VENDIDO,SANTIAGO,50000,45000,,GRANDE,
116I 2006,BANDEJA DELANTERA SUPERIOR RH,Bandeja,Delantera Superior Derecha,VENDIDO,SANTIAGO,50000,45000,,GRANDE,
116I 2006,BANDEJA TRASERA GRANDE LH,Bandeja,Trasera Izquierda,VENDIDO,SANTIAGO,,,HAWAIANA,,GRANDE en el nombre original
116I 2006,BANDEJA TRASERA GRANDE RH,Bandeja,Trasera Derecha,VENDIDO,SANTIAGO,,,HAWAIANA,,GRANDE en el nombre original
116I 2006,BANDEJA TRASERA HORQUILLA LH,Bandeja Horquilla,Trasera Izquierda,DISPONIBLE,SANTIAGO,,,,,
116I 2006,BANDEJA TRASERA HORQUILLA RH,Bandeja Horquilla,Trasera Derecha,DISPONIBLE,SANTIAGO,,,,,
116I 2006,BANDEJA TRASERA MEDIANA LH,Bandeja,Trasera Izquierda,DISPONIBLE,SANTIAGO,,,,,MEDIANA en el nombre original
116I 2006,BANDEJA TRASERA MEDIANA RH,Bandeja,Trasera Derecha,DISPONIBLE,SANTIAGO,,,,,MEDIANA en el nombre original
116I 2006,BANDEJA TRASERA PEQUEÑA LH,Bandeja,Trasera Izquierda,DISPONIBLE,SANTIAGO,,,,,PEQUEÑA en el nombre original
116I 2006,BANDEJA TRASERA PEQUEÑA RH,Bandeja,Trasera Derecha,DISPONIBLE,SANTIAGO,,,,,PEQUEÑA en el nombre original
116I 2006,BARRA ESTABILIZADORA,Barra Estabilizadora,,DISPONIBLE,SANTIAGO,30000,25000,,,
116I 2006,BASE DE BATERÍA,Base De Batería,,DISPONIBLE,SANTIAGO,,,,,
116I 2006,BASE DE DE COMPRESOR DE AIRE ACODICIONADO,Base De Compresor De Aire Acondicionado,,DISPONIBLE,SANTIAGO,35000,30000,,,Tiene DE DE duplicado; ACODICIONADO mal escrito
116I 2006,BASE DE TERMOSTATO,Base De Termostato,,POR CONFIRMAR,REQUINOA,,,,,
116I 2006,BIELETA LH,Bieleta,Izquierda,DISPONIBLE,SANTIAGO,15000,10000,,,
116I 2006,BIELETA RH,Bieleta,Derecha,DISPONIBLE,SANTIAGO,15000,10000,,,
116I 2006,BISAGRA CAPOT LH,Bisagra Capot,Izquierda,DISPONIBLE,SANTIAGO,25000,20000,,,
116I 2006,BISAGRA CAPOT RH,Bisagra Capot,Derecha,DISPONIBLE,SANTIAGO,25000,20000,,,
116I 2006,BISAGRA PORTALÓN LH,Bisagra Portalón,Izquierda,DISPONIBLE,SANTIAGO,,,,,
116I 2006,BISEL DE SINÓPTICO,Bisel De Sinóptico,,DISPONIBLE,SANTIAGO,20000,15000,,,
116I 2006,BISEL TABLERO,Bisel Tablero,,DISPONIBLE,SANTIAGO,20000,15000,,,
116I 2006,BLOCK,Block,,DISPONIBLE,SANTIAGO,100000,80000,,SOLO,
116I 2006,BOBINA 1,Bobina 1,,VENDIDO,SANTIAGO,25000,20000,,,Número en el nombre
116I 2006,BOBINA 2,Bobina 2,,DISPONIBLE,SANTIAGO,25000,20000,,,Número en el nombre
116I 2006,BOBINA 3,Bobina 3,,DISPONIBLE,SANTIAGO,25000,20000,,,Número en el nombre
116I 2006,BOBINA 4,Bobina 4,,DISPONIBLE,SANTIAGO,25000,20000,,,Número en el nombre
116I 2006,BOMBA AUXILIAR DE CALEFACCIÓN,Bomba Auxiliar De Calefacción,,DISPONIBLE,SANTIAGO,,,,,Espacio extra al final
116I 2006,BOMBA DE ACEITE,Bomba De Aceite,,DISPONIBLE,SANTIAGO,60000,50000,,,
116I 2006,BOMBA DE BENCINA,Bomba De Bencina,,DISPONIBLE,SANTIAGO,120000,110000,,2 PARTES,Espacio extra al final; son 2 partes
116I 2006,BOMBA DE PEDAL DE EMBRAGUE,Bomba De Pedal De Embrague,,VENDIDO,SANTIAGO,,,,,
116I 2006,BOMBA HIDRÁULICA,Bomba Hidráulica,,VENDIDO,SANTIAGO,90000,80000,,BOMBA DE DIRECCIÓN,Espacio extra al final; nota aclara uso
116I 2006,BOMBA Y DEPÓSITO DE FRENO,Bomba Y Depósito De Freno,,DISPONIBLE,SANTIAGO,60000,50000,,,Son 2 piezas en una
116I 2006,BORNER POSITIVO BATERÍA,Borner Positivo Batería,,DISPONIBLE,SANTIAGO,40000,35000,,,Espacio extra al final
116I 2006,BOTÓN DE ALZAVIDRIOS DELANTERO RH,Botón De Alzavidrios,Delantera Derecha,NO DISPONIBLE,SANTIAGO,15000,10000,,,
116I 2006,BOTÓN DE ALZAVIDRIOS TRASERA LH,Botón De Alzavidrios,Trasera Izquierda,VENDIDO,SANTIAGO,15000,10000,,,
116I 2006,BOTÓN DE ALZAVIDRIOS TRASERA RH,Botón De Alzavidrios,Trasera Derecha,VENDIDO,SANTIAGO,15000,10000,,,
116I 2006,BOTÓN DE ENCENDIDO,Botón De Encendido,,DISPONIBLE,SANTIAGO,25000,20000,,,Espacio extra al final
116I 2006,"BOTÓN HAZARD, DTC Y APERTURA DE PUERTAS",Botón Hazard Dtc Y Apertura De Puertas,,DISPONIBLE,SANTIAGO,25000,20000,,,Múltiples funciones en un solo botón
116I 2006,BOTONERA ALZAVIDRIO DELANTERA LH,Botonera Alzavidrio,Delantera Izquierda,NO DISPONIBLE,,,,,,Espacio extra al final; sin ubicación
116I 2006,BOTONERA DE ALZAVIDRIOS DELANTERA LH,Botonera De Alzavidrios,Delantera Izquierda,VENDIDO,SANTIAGO,50000,45000,,,
116I 2006,BRAZO LIMPIAPARABRISAS DELANTERO LH,Brazo Limpiaparabrisas,Delantera Izquierda,VENDIDO,SANTIAGO,20000,15000,,,
116I 2006,BRAZO LIMPIAPARABRISAS DELANTERO RH,Brazo Limpiaparabrisas,Delantera Derecha,VENDIDO,SANTIAGO,20000,15000,,,
116I 2006,BRAZO LIMPIAPARABRISAS TRASERO,Brazo Limpiaparabrisas,Trasera,VENDIDO,SANTIAGO,20000,15000,,DE PORTALÓN,
116I 2006,CAJA DE CAMBIOS,Caja De Cambios,,VENDIDO,SANTIAGO,290000,280000,,,
116I 2006,CALIPER DELANTERO LH,Caliper,Delantera Izquierda,VENDIDO,SANTIAGO,70000,60000,,,
116I 2006,CALIPER DELANTERO RH,Caliper,Delantera Derecha,DISPONIBLE,SANTIAGO,70000,60000,,,
116I 2006,CALIPER TRASERO LH,Caliper,Trasera Izquierda,DISPONIBLE,SANTIAGO,70000,60000,,,
116I 2006,CALIPER TRASERO RH,Caliper,Trasera Derecha,DISPONIBLE,SANTIAGO,70000,60000,,,
116I 2006,CANISTER,Canister,,VENDIDO,SANTIAGO,60000,50000,,,
116I 2006,CAÑERÍA DE AGUA,Cañería De Agua,,DISPONIBLE,SANTIAGO,,,BORDEA EL MOTOR,,
116I 2006,CAÑERÍA DE AIRE JUEGO,Cañería De Aire,,DISPONIBLE,SANTIAGO,83000,70000,,,JUEGO indica son varias
116I 2006,CAÑERÍA DE BENCINA,Cañería De Bencina,,DISPONIBLE,SANTIAGO,,,SALIDA BOMBA DE ALTA,,Espacio extra al final
116I 2006,CAÑERIA DE COMBUSTIBLE,Cañería De Combustible,,DISPONIBLE,SANTIAGO,,,,,Espacio extra al final; CAÑERIA sin tilde
116I 2006,CAÑERÍA HIDRÁULICA 1,Cañería Hidráulica 1,,DISPONIBLE,SANTIAGO,,,,,Número en el nombre
116I 2006,CAÑERÍA HIDRÁULICA 2,Cañería Hidráulica 2,,DISPONIBLE,SANTIAGO,,,,,Número en el nombre
116I 2006,CAÑERÍA LÍQUIDO HIDRÁULICO,Cañería Líquido Hidráulico,,DISPONIBLE,SANTIAGO,,,,,
116I 2006,CAPOT,Capot,,VENDIDO,SANTIAGO,130000,120000,,,
116I 2006,CARDAN TRASERO,Cardan,Trasera,VENDIDO,SANTIAGO,85000,80000,,,
116I 2006,CARTER,Carter,,DISPONIBLE,SANTIAGO,70000,60000,,SOLO SIN SENSOR DE ACEITE,
116I 2006,CATALÍTICO,Catalítico,,VENDIDO,SANTIAGO,60000,50000,,,
116I 2006,CHAPA CAPOT,Chapa Capot,,VENDIDO,SANTIAGO,25000,20000,,,
116I 2006,CHAPA PORTALÓN,Chapa Portalón,,VENDIDO,SANTIAGO,30000,25000,,,
116I 2006,CHAPA PUERTA DELANTERA LH,Chapa Puerta,Delantera Izquierda,DISPONIBLE,SANTIAGO,45000,40000,,,
116I 2006,CHAPA PUERTA DELANTERA RH,Chapa Puerta,Delantera Derecha,DISPONIBLE,SANTIAGO,45000,40000,,,
116I 2006,CHAPA PUERTA TRASERA LH,Chapa Puerta,Trasera Izquierda,DISPONIBLE,SANTIAGO,45000,40000,,,
116I 2006,CHAPA PUERTA TRASERA RH,Chapa Puerta,Trasera Derecha,DISPONIBLE,SANTIAGO,45000,40000,,,
116I 2006,CIGÜEÑAL,Cigüeñal,,NO DISPONIBLE,SANTIAGO,,,MALO,,Nota indica condición MALO
116I 2006,CINTA DE AIRBAG,Cinta De Airbag,,DISPONIBLE,SANTIAGO,35700,30000,,,
116I 2006,CINTURÓN TRASERO LH,Cinturón,Trasera Izquierda,DISPONIBLE,SANTIAGO,10000,10000,,,
116I 2006,CINTURÓN TRASERO RH,Cinturón,Trasera Derecha,DISPONIBLE,SANTIAGO,10000,10000,,,
116I 2006,COFIA,Cofia,,DISPONIBLE,SANTIAGO,25000,20000,,,
116I 2006,COLUMNA DE DIRECCIÓN,Columna De Dirección,,VENDIDO,SANTIAGO,45000,40000,,REVISAR,
116I 2006,COMANDO DE LUCES,Comando De Luces,,DISPONIBLE,,45000,40000,,,Sin ubicación
116I 2006,COMPRESOR AIRE,Compresor Aire,,VENDIDO,SANTIAGO,130000,120000,,,Espacio extra al final
116I 2006,CONTROL DE SUNROOF Y LUCES INTERIORES,Control De Sunroof Y Luces Interiores,,DISPONIBLE,SANTIAGO,35000,30000,,,Múltiples funciones
116I 2006,CREMALLERA DE ALZAVIDRIO DELANTERA LH,Cremallera De Alzavidrio,Delantera Izquierda,VENDIDO,SANTIAGO,45000,40000,,,
116I 2006,CREMALLERA DE ALZAVIDRIO DELANTERA RH,Cremallera De Alzavidrio,Delantera Derecha,VENDIDO,SANTIAGO,45000,40000,,,
116I 2006,CREMALLERA DE ALZAVIDRIO TRASERA LH,Cremallera De Alzavidrio,Trasera Izquierda,VENDIDO,SANTIAGO,35000,30000,,CON DETALLE,Espacio extra en nota
116I 2006,CREMALLERA DE ALZAVIDRIO TRASERA RH,Cremallera De Alzavidrio,Trasera Derecha,DISPONIBLE,SANTIAGO,45000,40000,,,
116I 2006,CREMALLERA DE DIRECCIÓN,Cremallera De Dirección,,VENDIDO,SANTIAGO,130000,120000,,,
116I 2006,CUBRE CARTER,Cubre Carter,,NO DISPONIBLE,N/A,,,,,
116I 2006,CUBRE EQUIPAJE,Cubre Equipaje,,DISPONIBLE,SANTIAGO,25000,20000,,,
116I 2006,CUBRE MOTOR (SUPERIOR),Cubre Motor,Superior,DISPONIBLE,SANTIAGO,35700,30000,,,Paréntesis en nombre original
116I 2006,CUBRE RUEDA DE REPUESTO,Cubre Rueda De Repuesto,,DISPONIBLE,SANTIAGO,25000,20000,,,
116I 2006,CUBRE TORPEDO EXTERIOR INFERIOR,Cubre Torpedo Exterior,Inferior,DISPONIBLE,SANTIAGO,25000,20000,,METÁLICO,
116I 2006,CUBRE TORPEDO EXTERIOR SUPERIOR,Cubre Torpedo Exterior,Superior,DISPONIBLE,SANTIAGO,45000,40000,,PLÁSTICO,
116I 2006,CUBRE ZÓCALO LH,Cubre Zócalo,Izquierda,DISPONIBLE,SANTIAGO,45000,40000,,,
116I 2006,CUBRE ZÓCALO RH,Cubre Zócalo,Derecha,DISPONIBLE,SANTIAGO,45000,40000,,,
116I 2006,CUERPO DE ACELERACIÓN,Cuerpo De Aceleración,,DISPONIBLE,SANTIAGO,80000,70000,,,
116I 2006,CULATA,Culata,,DISPONIBLE,,270000,260000,,,Sin ubicación
116I 2006,CUNA DELANTERA,Cuna,Delantera,VENDIDO,SANTIAGO,110000,100000,,,
116I 2006,CUNA TRASERA,Cuna,Trasera,VENDIDO,SANTIAGO,120000,100000,,,
116I 2006,DEPÓSITO DE AGUA O LÍQUIDO REFRIGERANTE,Depósito De Agua O Líquido Refrigerante,,VENDIDO,SANTIAGO,45000,40000,,,Espacio extra al final; nombre con alternativa
116I 2006,DEPÓSITO DE LIMPIAPARABRISAS,Depósito De Limpiaparabrisas,,DISPONIBLE,SANTIAGO,50000,40000,,,Espacio extra al final
116I 2006,DEPÓSITO DE LÍQUIDO HIDRÁULICO,Depósito De Líquido Hidráulico,,VENDIDO,SANTIAGO,35000,30000,,,
116I 2006,DIFERENCIAL TRASERO,Diferencial,Trasera,NO DISPONIBLE,SANTIAGO,160000,150000,,PRECIO ACTUALIZADO,Espacio extra en nota
116I 2006,DISCO DE FRENO DELANTERO LH,Disco De Freno,Delantera Izquierda,VENDIDO,SANTIAGO,25000,20000,,,
116I 2006,DISCO DE FRENO DELANTERO RH,Disco De Freno,Delantera Derecha,VENDIDO,SANTIAGO,25000,20000,,,
116I 2006,DISCO DE FRENO TRASERO LH,Disco De Freno,Trasera Izquierda,VENDIDO,SANTIAGO,25000,20000,,,
116I 2006,DISCO DE FRENO TRASERO RH,Disco De Freno,Trasera Derecha,VENDIDO,SANTIAGO,25000,20000,,,
116I 2006,ECU,Ecu,,VENDIDO,SANTIAGO,145000,130000,,,
116I 2006,EJE PALIER TRASERO LH,Eje Palier,Trasera Izquierda,DISPONIBLE,SANTIAGO,75000,70000,,,
116I 2006,EJE PALIER TRASERO RH,Eje Palier,Trasera Derecha,DISPONIBLE,SANTIAGO,75000,70000,,,
116I 2006,ELECTROVENTILADOR,Electroventilador,,VENDIDO,SANTIAGO,55000,50000,,,
116I 2006,ENCENDEDOR DE CIGARROS,Encendedor De Cigarros,,DISPONIBLE,SANTIAGO,15000,10000,,,Espacio extra al final
116I 2006,ENGANCHE CINTURONES TRASEROS,Enganche Cinturones,Trasera,DISPONIBLE,SANTIAGO,,,,,Probablemente son múltiples
116I 2006,ESPEJO CENTRAL,Espejo,Central,VENDIDO,SANTIAGO,25000,20000,,,
116I 2006,ESPEJO LH,Espejo,Izquierda,VENDIDO,SANTIAGO,80000,75000,,,
116I 2006,ESPEJO RH,Espejo,Derecha,VENDIDO,SANTIAGO,80000,75000,,,
116I 2006,ESPIRAL TRASERO LH,Espiral,Trasera Izquierda,NO DISPONIBLE,SANTIAGO,,,,,
116I 2006,ESPIRAL TRASERO RH,Espiral,Trasera Derecha,NO DISPONIBLE,SANTIAGO,,,,,
116I 2006,FIERRO REFUERZO INTERIOR,Fierro Refuerzo Interior,,VENDIDO,SANTIAGO,15000,15000,,,
116I 2006,FLUJÓMETRO,Flujómetro,,DISPONIBLE,SANTIAGO,50000,40000,,,
116I 2006,FOCO TRASERO DERECHO,Foco,Trasera Derecha,VENDIDO,SANTIAGO,45000,40000,,TRIZADO,
116I 2006,FOCO TRASERO IZQUIERDO,Foco,Trasera Izquierda,DISPONIBLE,SANTIAGO,55000,50000,,,
116I 2006,FRONTAL,Frontal,,VENDIDO,SANTIAGO,170000,160000,,,Espacio extra al final
116I 2006,FUNDA DE PARACHOQUE DELANTERA,Funda De Parachoque,Delantera,VENDIDO,SANTIAGO,100000,95000,,,
116I 2006,FUNDA DE PARACHOQUE TRASERO,Funda De Parachoque,Trasera,DISPONIBLE,SANTIAGO,90000,80000,,,Espacio extra al final
116I 2006,FUSILERA,Fusilera,,DISPONIBLE,SANTIAGO,,,CUÁL,,Nota con pregunta
116I 2006,GANCHO O CHAPA DE SEGURIDAD CAPOT,Gancho O Chapa De Seguridad Capot,,DISPONIBLE,SANTIAGO,25000,20000,,,Nombre con alternativa
116I 2006,GOMA PUERTA DELANTERA LH,Goma Puerta,Delantera Izquierda,NO DISPONIBLE,N/A,,,,,
116I 2006,GOMA PUERTA DELANTERA RH,Goma Puerta,Delantera Derecha,NO DISPONIBLE,SANTIAGO,25000,20000,,,
116I 2006,GOMA PUERTA TRASERA LH,Goma Puerta,Trasera Izquierda,NO DISPONIBLE,SANTIAGO,25000,20000,,,
116I 2006,GOMA PUERTA TRASERA RH,Goma Puerta,Trasera Derecha,VENDIDO,SANTIAGO,25000,20000,,,
116I 2006,GUARDAFANGO DELANTERO LH,Guardafango,Delantera Izquierda,VENDIDO,SANTIAGO,50000,45000,,,
116I 2006,GUARDAFANGO DELANTERO RH,Guardafango,Delantera Derecha,NO DISPONIBLE,SANTIAGO,45000,40000,,,
116I 2006,GUARDAFANGO TRASERO LH,Guardafango,Trasera Izquierda,DISPONIBLE,SANTIAGO,25000,20000,,,
116I 2006,GUARDAFANGO TRASERO RH,Guardafango,Trasera Derecha,VENDIDO,SANTIAGO,25000,20000,,,
116I 2006,KIT DE AIRBAG,Kit De Airbag,,DISPONIBLE,SANTIAGO,280000,250000,,,KIT indica múltiples piezas
116I 2006,KIT DE EMBRAGUE,Kit De Embrague,,DISPONIBLE,SANTIAGO,,,,,KIT indica múltiples piezas
116I 2006,LETRAS 116i,Letras 116i,,DISPONIBLE,,25000,20000,,1+1+6+i,Sin ubicación; nota indica piezas individuales
116I 2006,LLANTA CON NEUMÁTICO 1,Llanta Con Neumático 1,,DISPONIBLE,SANTIAGO,80000,70000,,JUEGO 260000,Número en nombre; nota indica son juego
116I 2006,LLANTA CON NEUMÁTICO 2,Llanta Con Neumático 2,,DISPONIBLE,SANTIAGO,80000,70000,,,Número en nombre
116I 2006,LLANTA CON NEUMÁTICO 3,Llanta Con Neumático 3,,DISPONIBLE,SANTIAGO,80000,70000,,,Número en nombre
116I 2006,LLANTA CON NEUMÁTICO 4,Llanta Con Neumático 4,,DISPONIBLE,SANTIAGO,80000,70000,,,Número en nombre
116I 2006,LLAVE (ESTÁ SIN PALETA (SE VENDIÓ)),Llave,,DISPONIBLE,SANTIAGO,,,,,Nombre con aclaración entre paréntesis
116I 2006,LOGO CAPOT,Logo Capot,,VENDIDO,SANTIAGO,30000,25000,,,
116I 2006,LOGO TRASERO (MANILLA EXTERIOR),Logo Trasero,,DISPONIBLE,SANTIAGO,45000,40000,,CON SISTEMA DE APERTURA,Paréntesis en nombre original
116I 2006,LUZ INTERIOR TECHO CENTRAL,Luz Interior Techo,Central,DISPONIBLE,SANTIAGO,25000,20000,,,
116I 2006,LUZ INTERIOR TECHO DELANTERA,Luz Interior Techo,Delantera,DISPONIBLE,SANTIAGO,25000,20000,,,
116I 2006,LUZ INTERMITENTE,Luz Intermitente,,VENDIDO,SANTIAGO,10000,10000,,,Primera de dos filas duplicadas
116I 2006,LUZ INTERMITENTE,Luz Intermitente,,DISPONIBLE,SANTIAGO,10000,10000,,,Segunda de dos filas duplicadas
116I 2006,LUZ PATENTE LH Y RH,Luz Patente,Izquierda Y Derecha,VENDIDO,SANTIAGO,20000,20000,,,Son 2 luces en una fila
116I 2006,MANGUERA DE CALEFACCIÓN,Manguera De Calefacción,,DISPONIBLE,SANTIAGO,,,,,Espacio extra al final
116I 2006,MANGUERA FILTRO DE AIRE,Manguera Filtro De Aire,,DISPONIBLE,SANTIAGO,30000,25000,,,
116I 2006,MANGUERA INFERIOR RADIADOR DE AGUA,Manguera Radiador De Agua,Inferior,DISPONIBLE,SANTIAGO,35000,30000,,,
116I 2006,MANILLA DE TECHO DELANTERA LH,Manilla De Techo,Delantera Izquierda,DISPONIBLE,SANTIAGO,0,10000,,,Precio 0 - probablemente error
116I 2006,MANILLA DE TECHO DELANTERA RH,Manilla De Techo,Delantera Derecha,DISPONIBLE,SANTIAGO,15000,10000,,,
116I 2006,MANILLA DE TECHO TRASERA LH,Manilla De Techo,Trasera Izquierda,DISPONIBLE,SANTIAGO,15000,10000,,,
116I 2006,MANILLA DE TECHO TRASERA RH,Manilla De Techo,Trasera Derecha,DISPONIBLE,SANTIAGO,15000,10000,,,
116I 2006,MANILLA EXTERIOR DELANTERA LH,Manilla Exterior,Delantera Izquierda,VENDIDO,SANTIAGO,45000,40000,,,
116I 2006,MANILLA EXTERIOR DELANTERA RH,Manilla Exterior,Delantera Derecha,DISPONIBLE,SANTIAGO,50000,45000,,,
116I 2006,MANILLA EXTERIOR TRASERA RH,Manilla Exterior,Trasera Derecha,DISPONIBLE,SANTIAGO,45000,40000,,,
116I 2006,MANILLA INTERIOR DELANTERA RH,Manilla Interior,Delantera Derecha,DISPONIBLE,SANTIAGO,15000,10000,,,
116I 2006,MANILLA INTERIOR TRASERA LH,Manilla Interior,Trasera Izquierda,DISPONIBLE,SANTIAGO,15000,10000,,,
116I 2006,MANILLA INTERIOR TRASERA RH,Manilla Interior,Trasera Derecha,DISPONIBLE,SANTIAGO,15000,10000,,,
116I 2006,MANILLA PARA ABRIR PORTALÓN ( EN EL PISO),Manilla Para Abrir Portalón,,DISPONIBLE,SANTIAGO,15000,10000,,INTERIOR,Paréntesis en nombre original
116I 2006,MÉNSULA DELANTERA LH,Ménsula,Delantera Izquierda,VENDIDO,SANTIAGO,25000,20000,,,
116I 2006,MÉNSULA DELANTERA RH,Ménsula,Delantera Derecha,VENDIDO,SANTIAGO,25000,20000,,,
116I 2006,MÉNSULA ÓPTICO LH,Ménsula Óptico,Izquierda,VENDIDO,SANTIAGO,40000,35000,,,
116I 2006,MÉNSULA ÓPTICO RH,Ménsula Óptico,Derecha,VENDIDO,SANTIAGO,40000,35000,,,
116I 2006,MÉNSULA TRASERA CENTRAL,Ménsula,Trasera Central,DISPONIBLE,SANTIAGO,25000,20000,,,
116I 2006,MÉNSULA TRASERA LH,Ménsula,Trasera Izquierda,DISPONIBLE,SANTIAGO,25000,20000,,,
116I 2006,MÉNSULA TRASERA RH,Ménsula,Trasera Derecha,VENDIDO,SANTIAGO,25000,20000,,,
116I 2006,MÓDULO ABS,Módulo Abs,,DISPONIBLE,SANTIAGO,90000,80000,,,
116I 2006,MÓDULO CONFORT,Módulo Confort,,DISPONIBLE,SANTIAGO,100000,90000,,,
116I 2006,MÓDULO FRM,Módulo Frm,,VENDIDO,SANTIAGO,90000,80000,,,
116I 2006,MOTOR DE CALEFACCIÓN,Motor De Calefacción,,DISPONIBLE,SANTIAGO,55000,50000,,,Espacio extra al final
116I 2006,MOTOR DE PARTIDA,Motor De Partida,,DISPONIBLE,SANTIAGO,70000,60000,,,
116I 2006,MOTOR LIMPIAPARABRISAS CON VARILLAJE,Motor Limpiaparabrisas Con Varillaje,,DISPONIBLE,SANTIAGO,47600,40000,,,Espacio extra al final; incluye VARILLAJE
116I 2006,MOTOR LIMPIAPARABRISAS TRASERO,Motor Limpiaparabrisas,Trasera,DISPONIBLE,SANTIAGO,35000,30000,,DE PORTALÓN,
116I 2006,MOTOR MALO,Motor,,NO DISPONIBLE,N/A,,,,,MALO en el nombre - no es válido
116I 2006,MÚLTIPLE DE ADMISIÓN,Múltiple De Admisión,,DISPONIBLE,SANTIAGO,100000,80000,,,
116I 2006,MUÑÓN CON MAZA DELANTERO LH,Muñón Con Maza,Delantera Izquierda,VENDIDO,SANTIAGO,70000,65000,,,CON MAZA indica son 2 piezas
116I 2006,MUÑÓN CON MAZA DELANTERO RH,Muñón Con Maza,Delantera Derecha,DISPONIBLE,SANTIAGO,70000,65000,,,CON MAZA indica son 2 piezas
116I 2006,MUÑON CON MAZA TRASERA LH,Muñón Con Maza,Trasera Izquierda,VENDIDO,SANTIAGO,60000,55000,,,MUÑON sin tilde; CON MAZA indica son 2 piezas
116I 2006,MUÑON CON MAZA TRASERA RH,Muñón Con Maza,Trasera Derecha,VENDIDO,SANTIAGO,60000,55000,,,MUÑON sin tilde; CON MAZA indica son 2 piezas
116I 2006,NEBLINERO DELANTERO LH,Neblinero,Delantera Izquierda,VENDIDO,SANTIAGO,50000,45000,,,
116I 2006,NEBLINERO DELANTERO RH,Neblinero,Delantera Derecha,VENDIDO,SANTIAGO,50000,45000,,,
116I 2006,ÓPTICO LH,Óptico,Izquierda,VENDIDO,SANTIAGO,100000,95000,,,
116I 2006,ÓPTICO RH,Óptico,Derecha,VENDIDO,SANTIAGO,100000,95000,,,
116I 2006,PALANCA DE CAMBIOS,Palanca De Cambios,,DISPONIBLE,SANTIAGO,70000,60000,,,
116I 2006,PALANCA FRENO DE MANO,Palanca Freno De Mano,,DISPONIBLE,SANTIAGO,25000,20000,,,
116I 2006,PALIER O EJE TRASERO DERECHO,Palier O Eje,Trasera Derecha,DISPONIBLE,REQUINOA,75000,70000,,,Nombre con alternativa
116I 2006,PALIER O EJE TRASERO IZQUIERDO,Palier O Eje,Trasera Izquierda,DISPONIBLE,REQUINOA,75000,70000,,,Nombre con alternativa
116I 2006,PARABRISAS,Parabrisas,,NO DISPONIBLE,REQUINOA,,,ROTO,,
116I 2006,PARASOL LH,Parasol,Izquierda,DISPONIBLE,SANTIAGO,20000,20000,,,
116I 2006,PARASOL RH,Parasol,Derecha,DISPONIBLE,SANTIAGO,20000,20000,,,
116I 2006,PARLANTE PUERTA TRASERA LH,Parlante Puerta,Trasera Izquierda,DISPONIBLE,SANTIAGO,15000,10000,,,
116I 2006,PARLANTE PUERTA TRASERA RH,Parlante Puerta,Trasera Derecha,DISPONIBLE,SANTIAGO,15000,10000,,,
116I 2006,PARLANTE TRASERO LH,Parlante,Trasera Izquierda,DISPONIBLE,SANTIAGO,12000,10000,,,
116I 2006,PARLANTE TRASERO RH,Parlante,Trasera Derecha,DISPONIBLE,SANTIAGO,12000,10000,,,
116I 2006,PEDAL DE ACELERACIÓN,Pedal De Aceleración,,DISPONIBLE,SANTIAGO,80000,70000,,,
116I 2006,PEDALERA DE FRENO Y EMBRAGUE,Pedalera De Freno Y Embrague,,VENDIDO,SANTIAGO,60000,50000,,SIN SENSORES,Son 2 pedales
116I 2006,PIOLA FRENO MANO,Piola Freno Mano,,NO DISPONIBLE,SANTIAGO,,,,,
116I 2006,PORTA BATERÍA,Porta Batería,,VENDIDO,SANTIAGO,,,,,
116I 2006,PORTA FILTRO,Porta Filtro,,DISPONIBLE,SANTIAGO,90000,85000,,,
116I 2006,PORTA FILTRO DE ACEITE,Porta Filtro De Aceite,,DISPONIBLE,SANTIAGO,20000,25000,,,
116I 2006,PORTA FILTRO DE POLEN,Porta Filtro De Polen,,DISPONIBLE,SANTIAGO,60000,50000,,,
116I 2006,PORTA FUSILETA (CAJA PLÁSTICA) MOTOR,Porta Fusileta,,DISPONIBLE,SANTIAGO,70000,60000,,ES CON RAMAL,Paréntesis en nombre original
116I 2006,PORTALÓN SOLO LATA + VIDRIO,Portalón,,VENDIDO,SANTIAGO,140000,130000,,PRECIO ACTUALIZADO,SOLO LATA + VIDRIO indica componentes; espacio extra en nota
116I 2006,PUERTA DELANTERA LH,Puerta,Delantera Izquierda,DISPONIBLE,SANTIAGO,75000,70000,,,
116I 2006,PUERTA DELANTERA RH,Puerta,Delantera Derecha,DISPONIBLE,SANTIAGO,75000,70000,,,
116I 2006,PUERTA TRASERA LH,Puerta,Trasera Izquierda,DISPONIBLE,SANTIAGO,75000,70000,,,
116I 2006,PUERTA TRASERA RH,Puerta,Trasera Derecha,DISPONIBLE,SANTIAGO,75000,70000,,,
116I 2006,RADIADOR AGUA,Radiador Agua,,VENDIDO,SANTIAGO,90000,85000,,,
116I 2006,RADIADOR AIRE ACONDICIONADO,Radiador Aire Acondicionado,,DISPONIBLE,SANTIAGO,110000,100000,,,
116I 2006,RADIADOR DE CALEFACCIÓN,Radiador De Calefacción,,DISPONIBLE,SANTIAGO,,,,,
116I 2006,RADIO,Radio,,VENDIDO,SANTIAGO,30000,25000,,,
116I 2006,RAMAL DE INYECCIÓN,Ramal De Inyección,,DISPONIBLE,SANTIAGO,25000,20000,,,
116I 2006,REFUERZO DE PARACHOQUE DELANTERO,Refuerzo De Parachoque,Delantera,DISPONIBLE,SANTIAGO,45000,40000,,,
116I 2006,REFUERZO DE PARACHOQUE TRASERO,Refuerzo De Parachoque,Trasera,DISPONIBLE,SANTIAGO,55000,50000,,,
116I 2006,REJILLA DE VENTILACIÓN CENTRAL INTERIOR,Rejilla De Ventilación,Central Interior,DISPONIBLE,SANTIAGO,20000,15000,,,
116I 2006,REJILLA INFERIOR,Rejilla,Inferior,VENDIDO,SANTIAGO,40000,35000,,,
116I 2006,REJILLA SUPERIOR LH,Rejilla,Superior Izquierda,DISPONIBLE,SANTIAGO,30000,25000,,,
116I 2006,REJILLA SUPERIOR RH,Rejilla,Superior Derecha,VENDIDO,SANTIAGO,30000,25000,,,
116I 2006,RESISTENCIA DE CALEFACCIÓN,Resistencia De Calefacción,,DISPONIBLE,SANTIAGO,45000,40000,,,
116I 2006,RIEL DE INYECCIÓN,Riel De Inyección,,DISPONIBLE,SANTIAGO,35000,30000,,,
116I 2006,SENSOR ABS TRASERO LH,Sensor Abs,Trasera Izquierda,VENDIDO,SANTIAGO,15000,10000,,,
116I 2006,SENSOR ABS TRASERO RH,Sensor Abs,Trasera Derecha,DISPONIBLE,SANTIAGO,15000,10000,,,
116I 2006,SENSOR DE OXÍGENO BANCO 1,Sensor De Oxígeno Banco 1,,VENDIDO,SANTIAGO,18000,15000,,,BANCO 1 en nombre
116I 2006,SENSOR DE OXÍGENO BANCO 2,Sensor De Oxígeno Banco 2,,VENDIDO,SANTIAGO,18000,15000,,,BANCO 2 en nombre
116I 2006,SERVO FRENO,Servo Freno,,DISPONIBLE,SANTIAGO,45000,40000,,,
116I 2006,SINÓPTICO,Sinóptico,,VENDIDO,SANTIAGO,60000,55000,,,
116I 2006,SOPORTE DE CAJA TRASERO (CENTRAL),Soporte De Caja,Trasera Central,VENDIDO,SANTIAGO,60000,50000,,,Paréntesis en nombre original
116I 2006,SOPORTE DE DEPÓSITO LÍQUIDO HIDRÁULICO,Soporte De Depósito Líquido Hidráulico,,DISPONIBLE,SANTIAGO,30000,20000,,,
116I 2006,SOPORTE DE MOTOR LH,Soporte De Motor,Izquierda,DISPONIBLE,SANTIAGO,55000,45000,,,
116I 2006,SOPORTE DE MOTOR RH,Soporte De Motor,Derecha,DISPONIBLE,SANTIAGO,55000,45000,,,
116I 2006,SUNROOF,Sunroof,,VENDIDO,SANTIAGO,85000,80000,,,Espacio extra al final
116I 2006,TAPA DE BENCINA EXTERIOR,Tapa De Bencina Exterior,,VENDIDO,SANTIAGO,35000,30000,,,
116I 2006,TAPA DE BENCINA INTERIOR,Tapa De Bencina Interior,,DISPONIBLE,SANTIAGO,15000,10000,,,
116I 2006,TAPA DE VÁLVULA,Tapa De Válvula,,VENDIDO,SANTIAGO,80000,70000,,,
116I 2006,TAPABARRO DELANTERO LH,Tapabarro,Delantera Izquierda,VENDIDO,SANTIAGO,75000,70000,,,
116I 2006,TAPABARRO DELANTERO RH,Tapabarro,Delantera Derecha,VENDIDO,SANTIAGO,85000,80000,,,
116I 2006,TAPIZ DE PORTALÓN,Tapiz De Portalón,,DISPONIBLE,SANTIAGO,20000,15000,,,Espacio extra al final
116I 2006,TAPIZ PUERTA DELANTERA LH,Tapiz Puerta,Delantera Izquierda,DISPONIBLE,SANTIAGO,35000,30000,,,
116I 2006,TAPIZ PUERTA DELANTERA RH,Tapiz Puerta,Delantera Derecha,DISPONIBLE,SANTIAGO,35000,30000,,,
116I 2006,TAPIZ PUERTA TRASERA LH,Tapiz Puerta,Trasera Izquierda,DISPONIBLE,SANTIAGO,25000,20000,,,
116I 2006,TAPIZ PUERTA TRASERA RH,Tapiz Puerta,Trasera Derecha,DISPONIBLE,SANTIAGO,25000,20000,,,
116I 2006,TELECOMANDO,Telecomando,,VENDIDO,SANTIAGO,80000,70000,,COMPLETO,Espacio extra al final
116I 2006,TENSOR DE ACCESORIOS,Tensor De Accesorios,,DISPONIBLE,SANTIAGO,35000,30000,,,
116I 2006,TERCERA LUZ DE FRENO,Tercera Luz De Freno,,DISPONIBLE,SANTIAGO,25000,20000,,,Espacio extra al final
116I 2006,TERMINAL DE CREMALLERA DE DIRECCIÓN,Terminal De Cremallera De Dirección,,DISPONIBLE,SANTIAGO,,,LLEGO SOLO?,,Nota con pregunta - probablemente error
116I 2006,TOMA DE AGUA PLÁSTICA,Toma De Agua Plástica,,VENDIDO,SANTIAGO,20000,15000,,IVÁN,Nombre de persona en nota
116I 2006,TRINQUETE DE CAPOT,Trinquete De Capot,,DISPONIBLE,SANTIAGO,20000,15000,,,
116I 2006,TUBERÍA ADMISIÓN,Tubería Admisión,,DISPONIBLE,SANTIAGO,,,,,
116I 2006,TUBO DE CONEXION DE MANGERAS DE AGUA,Tubo De Conexión De Mangueras De Agua,,DISPONIBLE,SANTIAGO,15000,10000,,,MANGERAS mal escrito (debería ser MANGUERAS)
116I 2006,VÁLVULA EJE R,Válvula Eje R,,DISPONIBLE,SANTIAGO,,,,,
116I 2006,VÁLVULA PCV,Válvula Pcv,,VENDIDO,SANTIAGO,,,,,
116I 2006,VARILLA ACEITE,Varilla Aceite,,NO DISPONIBLE,SANTIAGO,,,,,
116I 2006,VIDRIO LUNETA PUERTA TRASERA LH,Vidrio Luneta Puerta,Trasera Izquierda,DISPONIBLE,SANTIAGO,35000,30000,,,
116I 2006,VIDRIO LUNETA PUERTA TRASERA RH,Vidrio Luneta Puerta,Trasera Derecha,DISPONIBLE,SANTIAGO,35000,30000,,,
116I 2006,VIDRIO PUERTA DELANTERA LH,Vidrio Puerta,Delantera Izquierda,DISPONIBLE,SANTIAGO,35000,30000,,,
116I 2006,VIDRIO PUERTA DELANTERA RH,Vidrio Puerta,Delantera Derecha,NO DISPONIBLE,SANTIAGO,35000,30000,,,
116I 2006,VIDRIO PUERTA TRASERA LH,Vidrio Puerta,Trasera Izquierda,DISPONIBLE,SANTIAGO,35000,30000,,,
116I 2006,VIDRIO PUERTA TRASERA RH,Vidrio Puerta,Trasera Derecha,NO DISPONIBLE,SANTIAGO,35000,30000,,,
116I 2006,VOLANTE,Volante,,DISPONIBLE,SANTIAGO,35000,30000,,,
116I 2006,VOLANTE BIMASA,Volante Bimasa,,DISPONIBLE,SANTIAGO,75000,70000,,,
116I 2006,PRENSA DE EMBRAGUE,Prensa De Embrague,,VENDIDO,SANTIAGO,,,,,
