vehiculo,nombre_original,nombre,posicion,stock,ubicacion,precio,ultimo_precio,venta,nota,observaciones,fecha_ingesta_estimada,hash_contenido,calidad_datos,requiere_revision
FABIA 2021,ABSORBEDOR DE IMPACTO DELANTERO,Absorbedor DE Impacto,Delantera,VENDIDO,SANTIAGO,25000.0,20000.0,,,Posición DELANTERO detectada,2025-07-04 02:14:41,77dc8db56ede0300fc06bfb22bd3cbd681ec206eeae1ef8abf894be684419441,100,NO
FABIA 2021,ABSORBEDOR DE IMPACTO TRASERO,Absorbedor DE Impacto,Trasera,VENDIDO,SANTIAGO,25000.0,20000.0,,,Posición TRASERO detectada,2025-07-04 02:14:41,61909baafa4210d0935d66430b03751596e06acc159165f802d02c9092fedd1c,100,NO
FABIA 2021,AIRBAG DE CORTINA RH,Airbag DE Cortina,Derecha,DISPONIBLE,SANTIAGO,0,0,,,Posición RH detectada; Precio es 0 - probablemente sin precio; Último precio es 0 - probablemente sin precio,2025-08-03 02:14:41,d71cc08dfa44a0bf99358325a2adfe486dd702bcda9b9b7f31b3ac6158fd1465,75,NO
FABIA 2021,ALFOMBRA O PISO DELANTERO LH,Alfombra O PISO,Izquierda Delantera,VENDIDO,SANTIAGO,20000.0,15000.0,,,Posición LH detectada; Posición DELANTERO detectada,2025-07-04 02:14:41,7b9e2830779a30ef9313e7d59bb2cac5eae24d71417186d75f734e42f0787b20,100,NO
FABIA 2021,ALFOMBRA O PISO DELANTERO RH,Alfombra O PISO,Derecha Delantera,VENDIDO,SANTIAGO,20000.0,15000.0,,,Posición RH detectada; Posición DELANTERO detectada,2025-07-04 02:14:41,52b4f56a1aaf0125200c6b642e8fea2191b29268c3dc2ce471574aa0a1423bc6,100,NO
FABIA 2021,ALFOMBRA O PISO TRASERO LH,Alfombra O PISO,Izquierda Trasera,VENDIDO,SANTIAGO,15000.0,10000.0,,,Posición LH detectada; Posición TRASERO detectada,2025-07-04 02:14:41,25e784110283b7d0c684d9efd47ce9ab4cdd072f04b4477c00e2380291de280f,100,NO
FABIA 2021,ALFOMBRA O PISO TRASERO RH,Alfombra O PISO,Derecha Trasera,VENDIDO,SANTIAGO,20000.0,15000.0,,,Posición RH detectada; Posición TRASERO detectada,2025-07-04 02:14:41,0fc5535cf3814039fc134c43d439f022ecbf6a7dd89c53fe5ea81d0f36c030b1,100,NO
FABIA 2021,ALTERNADOR,Alternador,,VENDIDO,SANTIAGO,130000.0,120000.0,,,ALTERNADOR mal escrito (debería ser ALTERNADOR),2025-07-04 02:14:41,ea4d96b0758f1701db2052f8a0fdc7e32c88aabea01757f44286e4489be58266,90,NO
FABIA 2021,AMORTIGUADOR DELANTERO LH,Amortiguador,Izquierda Delantera,DISPONIBLE,SANTIAGO,110000.0,100000.0,,,AMORTIGUADOR mal escrito (debería ser AMORTIGUADOR); Posición LH detectada; Posición DELANTERO detectada,2025-08-03 02:14:41,c06763a8e8e0de2248c315883f9439cb2e07422cb163459496c1420bb828e1c7,90,NO
FABIA 2021,AMORTIGUADOR DELANTERO RH,Amortiguador,Derecha Delantera,VENDIDO,SANTIAGO,110000.0,100000.0,,,AMORTIGUADOR mal escrito (debería ser AMORTIGUADOR); Posición RH detectada; Posición DELANTERO detectada,2025-07-04 02:14:41,5f629796f8cdecb32ea7d112feabbb010effdbd9e87cf8315dbcdfe2b7e93dbc,90,NO
FABIA 2021,AMORTIGUADOR PORTALON,Amortiguador Portalón,,DISPONIBLE,,25000.0,20000.0,,,PORTALON mal escrito (debería ser PORTALÓN); AMORTIGUADOR mal escrito (debería ser AMORTIGUADOR); Sin ubicación especificada,2025-08-03 02:14:41,41deec195fc9bc420211216310cb46ecc41ad2f27782da02c6a3af9254c45a81,80,NO
FABIA 2021,AMORTIGUADOR TRASERO DERECHO,Amortiguador,Derecha Trasera,DISPONIBLE,SANTIAGO,110000.0,100000.0,,,AMORTIGUADOR mal escrito (debería ser AMORTIGUADOR); Posición DERECHO detectada; Posición TRASERO detectada,2025-08-03 02:14:41,c55902ae55b59bc07fc63b07c68a3eb342327a86e374461f7abfd83e54ae87d0,90,NO
FABIA 2021,AMORTIGUADOR TRASERO DERECHO,Amortiguador,Derecha Trasera,DISPONIBLE,SANTIAGO,110000.0,100000.0,,,AMORTIGUADOR mal escrito (debería ser AMORTIGUADOR); Posición DERECHO detectada; Posición TRASERO detectada,2025-08-03 02:14:41,c55902ae55b59bc07fc63b07c68a3eb342327a86e374461f7abfd83e54ae87d0,90,NO
FABIA 2021,ANTENA,Antena,,DISPONIBLE,SANTIAGO,15000.0,10000.0,,,,2025-08-03 02:14:41,784cb1eeba4644563da764d90a2bc7d49a87c6f6a4ec20b13e0fc2f6f5189858,100,NO
FABIA 2021,APOYA BRAZO CENTRAL,Apoya Brazo,Central,DISPONIBLE,,55000.0,50000.0,,,BRAZO mal escrito (debería ser BRAZO); Posición CENTRAL detectada; Sin ubicación especificada,2025-08-03 02:14:41,a01210c81064fd527d1715aca56eba8712d06992a577f7fbcfe858466183db91,80,NO
FABIA 2021,ASIENTO DELANTERO LH,Asiento,Izquierda Delantera,VENDIDO,SANTIAGO,90000.0,85000.0,,,Posición LH detectada; Posición DELANTERO detectada,2025-07-04 02:14:41,bf860cc3983add5b729ea596309ccb0a770512797bceeea8327c4880738c5c4b,100,NO
FABIA 2021,ASIENTO DELANTERO RH,Asiento,Derecha Delantera,DISPONIBLE,SANTIAGO,90000.0,85000.0,,,Posición RH detectada; Posición DELANTERO detectada,2025-08-03 02:14:41,1079f91a40ddc540716f62121d510a5b57a6e39f840b875a229cb0674788a62f,100,NO
FABIA 2021,ASIENTO TRASSERO,Asiento Trassero,,DISPONIBLE,,70000.0,60000.0,,,Sin ubicación especificada,2025-08-03 02:14:41,43b27a50bf772517ca84f38caa1f885155344056374b0ee8cbef54367b544de0,90,NO
FABIA 2021,AUXILIAR USB 1,Auxiliar USB 1,,DISPONIBLE,SANTIAGO,20000.0,15000.0,,,,2025-08-03 02:14:41,725eab7697b20cb9e6b33a16d8f5a51d57daeb13fce8ca671055dbd859d18719,100,NO
FABIA 2021,AUXILIAR USB 2,Auxiliar USB 2,,DISPONIBLE,SANTIAGO,20000.0,15000.0,,,,2025-08-03 02:14:41,ef7bd362c6817d95541c588d96f0930b935daedaf0dda1d81afbd55cf8f0f085,100,NO
FABIA 2021,BANDEJA DERECHA,Bandeja,Derecha,DISPONIBLE,SANTIAGO,80000.0,75000.0,,,BANDEJA mal escrito (debería ser BANDEJA); Posición DERECHA detectada,2025-08-03 02:14:41,be8aa35edb74c833de6baa87f8db0d40c8867a968d13865e3274773f4060c1d2,90,NO
FABIA 2021,BANDEJA IZQUIERDA,Bandeja,Izquierda,VENDIDO,SANTIAGO,80000.0,75000.0,,,BANDEJA mal escrito (debería ser BANDEJA); Posición IZQUIERDA detectada,2025-07-04 02:14:41,139e9980ca66867d105aed660f03e6a54701e671f1e887482eb1a38433ef25fa,90,NO
FABIA 2021,BASE BATERIA,BASE Batería,,VENDIDO,SANTIAGO,35000.0,30000.0,,,BATERIA mal escrito (debería ser BATERÍA),2025-07-04 02:14:41,8114d24af6b49ded276e3f84ffead32f5d2f2852c6758d10e31ce636a1188498,90,NO
FABIA 2021,BCM,BCM,,DISPONIBLE,,190400.0,160000.0,,,Sin ubicación especificada,2025-08-03 02:14:41,25dc0ec681a2f88871d95138895a6db8d4241a4e5b9153717532f104d03e3393,90,NO
FABIA 2021,BISAGRA CAPOT LH,Bisagra CAPÓ,Izquierda,VENDIDO,SANTIAGO,45000.0,40000.0,,,CAPOT mal escrito (debería ser CAPÓ); CAPO mal escrito (debería ser CAPÓ); Posición LH detectada,2025-07-04 02:14:41,f24b6855a6f0068f6b01616d5a39d9ef356b48ec170c9a8e4fa9a1cdea13bf5c,90,NO
FABIA 2021,BISAGRA CAPOT RH,Bisagra CAPÓ,Derecha,VENDIDO,SANTIAGO,45000.0,40000.0,,,CAPOT mal escrito (debería ser CAPÓ); CAPO mal escrito (debería ser CAPÓ); Posición RH detectada,2025-07-04 02:14:41,a9cdcd241b35e88f486affc50a72cd381e86106a69724b679778e2393878ec59,90,NO
FABIA 2021,BISAGRAS PUERTA DELANTERA RH,Bisagras Puerta,Derecha Delantera,VENDIDO,SANTIAGO,25000.0,20000.0,,,Posición RH detectada; Posición DELANTERA detectada,2025-07-04 02:14:41,22ae9c8e0f7717be627a76f5b3644fc251a134e0364ced90db5aa88492d5ba44,100,NO
FABIA 2021,BISAGRAS PUERTA TRASERA LH,Bisagras Puerta,Izquierda Trasera,DISPONIBLE,,25000.0,20000.0,,,Posición LH detectada; Posición TRASERA detectada; Sin ubicación especificada,2025-08-03 02:14:41,01553637ec033f280eb3a63d5d7fff7d99dd22bae31a4329cb9017bdc8fc3538,90,NO
FABIA 2021,BISAGRAS PUERTA TRASERA RH,Bisagras Puerta,Derecha Trasera,DISPONIBLE,,25000.0,20000.0,,,Posición RH detectada; Posición TRASERA detectada; Sin ubicación especificada,2025-08-03 02:14:41,5023e904005fd179fdefbd2c4f6798fcb71ae3b13f27c4ecd1e9020206ae2509,90,NO
FABIA 2021,BOBINA 1,Bobina 1,,DISPONIBLE,SANTIAGO,35700.0,30000.0,,,BOBINA mal escrito (debería ser BOBINA),2025-08-03 02:14:41,7a687f0242f179bf3dd8dd8c13e658d47705920f952897eae84ed2df32e81757,90,NO
FABIA 2021,BOBINA 2,Bobina 2,,DISPONIBLE,SANTIAGO,35700.0,30000.0,,,BOBINA mal escrito (debería ser BOBINA),2025-08-03 02:14:41,fedabbe9483fca825da136a9d7cb9dcc1d1b9b0bbfc8691e3c5fa5a7bbff35c6,90,NO
FABIA 2021,BOBINA 3,Bobina 3,,DISPONIBLE,SANTIAGO,35700.0,30000.0,,,BOBINA mal escrito (debería ser BOBINA),2025-08-03 02:14:41,beaed1a2893ca89bc9ccb2307b5ed55bccae8c8ffcb29237b52ad7c1a44cf665,90,NO
FABIA 2021,BOMBA DE AGUA,Bomba DE AGUA,,DISPONIBLE,SANTIAGO,130000.0,120000.0,,,BOMBA mal escrito (debería ser BOMBA),2025-08-03 02:14:41,b866c34b5c9dd0cbf70a2673d8fa5688ed33d847283e42deec67f1ee2c6d2a67,90,NO
FABIA 2021,BOMBA DE ALTA 1,Bomba DE ALTA 1,,DISPONIBLE,SANTIAGO,0,0,,,BOMBA mal escrito (debería ser BOMBA); Precio es 0 - probablemente sin precio; Último precio es 0 - probablemente sin precio,2025-08-03 02:14:41,7532d49b0ce0d26be29ec3cf8cc460619eda3435f9c9c28d8eda948dee4182c1,65,SI
FABIA 2021,BOMBA DE ALTA 2,Bomba DE ALTA 2,,DISPONIBLE,SANTIAGO,0,0,,,BOMBA mal escrito (debería ser BOMBA); Precio es 0 - probablemente sin precio; Último precio es 0 - probablemente sin precio,2025-08-03 02:14:41,01c33ad2874dc28eb48462e04361316aad29da6dd394880a35ec5e0093ec0d0c,65,SI
FABIA 2021,BOMBA DE BENCINA,Bomba DE Bencina,,DISPONIBLE,SANTIAGO,95200.0,80000.0,,,BOMBA mal escrito (debería ser BOMBA),2025-08-03 02:14:41,191a6ac62e51d8eae218a7d28525d770154b59170d0c45666474ce145c4b7fc5,90,NO
FABIA 2021,BOMBA DE COMBUSTIBLE DE ALTA,Bomba DE Combustible DE ALTA,,DISPONIBLE,,178500.0,150000.0,,,BOMBA mal escrito (debería ser BOMBA); COMBUSTIBLE mal escrito (debería ser COMBUSTIBLE); Sin ubicación especificada,2025-08-03 02:14:41,4e132ab6ef5b2b2e12bb9edbfcd29ae7afb4da4550ab557d570515b09218608e,80,NO
FABIA 2021,BOTON DE ENCENDIDO,Boton DE Encendido,,DISPONIBLE,,30000.0,25000.0,,,ENCENDIDO mal escrito (debería ser ENCENDIDO); Sin ubicación especificada,2025-08-03 02:14:41,598e611a86573883885b2a7974bd2077cb8e71ccd65277b06a95c8c7a16ab4d4,80,NO
FABIA 2021,BOTONERA HAZAR Y CALEFACCIÓN ASIENTOS,Botonera Hazar Y Calefacción Asientos,,DISPONIBLE,,70000.0,65000.0,,,Sin ubicación especificada,2025-08-03 02:14:41,591c419b20e03af88bf0f0b3141703ce62b7d199827efd63bc9fd6e58eea810d,90,NO
FABIA 2021,BOTONERA PUERTA DELANTERA LH,Botonera Puerta,Izquierda Delantera,NO DISPONIBLE,,0,0,,,Posición LH detectada; Posición DELANTERA detectada; Precio es 0 - probablemente sin precio; Último precio es 0 - probablemente sin precio; Sin ubicación especificada,2025-08-03 02:14:41,407ae0a2bdc130d862745f2ce3c1bc644901ee9df1355e21f2d430b05ac9e0a1,75,NO
FABIA 2021,BOTONERA PUERTA DELANTERA RH,Botonera Puerta,Derecha Delantera,POR CONFIRMAR,,35000.0,25000.0,,,Posición RH detectada; Posición DELANTERA detectada; Sin ubicación especificada,2025-08-03 02:14:41,4ce036de8610677804a483ead72f44d1a5dcd9ed84afd313ae35b751fa3bf83c,90,NO
FABIA 2021,BOTONERA PUERTA TRASERA,Botonera Puerta,Trasera,VENDIDO,SANTIAGO,35000.0,25000.0,,,Posición TRASERA detectada,2025-07-04 02:14:41,31ae7fee16443525e2b4b92f6d70c8858c7d00308cfeadff478a23657b5746e4,100,NO
FABIA 2021,BOTONERA PUERTA TRASERA,Botonera Puerta,Trasera,DISPONIBLE,,35000.0,25000.0,,,Posición TRASERA detectada; Sin ubicación especificada,2025-08-03 02:14:41,273188bacbe32f0fc1d49f378aa5059041ef9149eabac6cd1a837c66d22c70e6,90,NO
FABIA 2021,BRAZO LIMPIAPARABRISAS TRASERO O PORTALÓN,Brazo Limpiaparabrisass O Portalón,Trasera,DISPONIBLE,SANTIAGO,0,0,,,LIMPIAPARABRISA mal escrito (debería ser LIMPIAPARABRISAS); BRAZO mal escrito (debería ser BRAZO); Posición TRASERO detectada; Precio es 0 - probablemente sin precio; Último precio es 0 - probablemente sin precio,2025-08-03 02:14:41,bb6fa0382f0269cbbc503dbed3d15d57d7f134ea7d46792ac2a499aede9c3d1d,65,SI
FABIA 2021,BRAZOS LIMPIAPARABRISAS LH,Brazos Limpiaparabrisass,Izquierda,DISPONIBLE,SANTIAGO,35000.0,30000.0,,,LIMPIAPARABRISA mal escrito (debería ser LIMPIAPARABRISAS); BRAZO mal escrito (debería ser BRAZO); BRAZOS mal escrito (debería ser BRAZOS); Posición LH detectada,2025-08-03 02:14:41,e017adc60e2671e46bc7f68de1133dc3c7420116b1d26cff395c07f20ffc0ec8,90,NO
FABIA 2021,BRAZOS LIMPIAPARABRISAS RH,Brazos Limpiaparabrisass,Derecha,DISPONIBLE,SANTIAGO,35000.0,30000.0,,,LIMPIAPARABRISA mal escrito (debería ser LIMPIAPARABRISAS); BRAZO mal escrito (debería ser BRAZO); BRAZOS mal escrito (debería ser BRAZOS); Posición RH detectada,2025-08-03 02:14:41,df2a6afb0216e814a32c092d4d079ef060e6a025819e073a5dd6edc1bb82330c,90,NO
FABIA 2021,CAJA,CAJA,,VENDIDO,SANTIAGO,970000.0,900000.0,,ESTE PRECIO SE MANTIENE,,2025-07-04 02:14:41,854e506110b3bbb8f1db5e4384ae3df884cce51cdb2f4ad1ed04acd0eb692450,100,NO
FABIA 2021,CALIPER DELANTERO LH,Caliper,Izquierda Delantera,DISPONIBLE,SANTIAGO,60000.0,50000.0,,,Posición LH detectada; Posición DELANTERO detectada,2025-08-03 02:14:41,2c54754241ed8e7ca00b344851e0f1e8b5b2fc41315d97f7086294b0486cdb80,100,NO
FABIA 2021,CALIPER DELANTERO RH,Caliper,Derecha Delantera,DISPONIBLE,SANTIAGO,60000.0,50000.0,,,Posición RH detectada; Posición DELANTERO detectada,2025-08-03 02:14:41,7ad819396a6bbb9c141ecfb650ec224312f6379af21c1137f26ae98ceb58e1d3,100,NO
FABIA 2021,CALIPER TRASERO LH,Caliper,Izquierda Trasera,DISPONIBLE,SANTIAGO,60000.0,50000.0,,,Posición LH detectada; Posición TRASERO detectada,2025-08-03 02:14:41,0ca45fe77a362db0dafcff09667fb3aa4a2f510f83da8a1bbb6700fdef75ce2a,100,NO
FABIA 2021,CALIPER TRASERO RH,Caliper,Derecha Trasera,DISPONIBLE,SANTIAGO,60000.0,50000.0,,,Posición RH detectada; Posición TRASERO detectada,2025-08-03 02:14:41,d5a68a66d1be60fcbed5e4e1648ffca456a3d1d360368d74c2bb4e2775435274,100,NO
FABIA 2021,CAÑERÍAS AIRE ACONDICIONADO COMPLETO,Cañerías AIRE Acondicionado Completo,,DISPONIBLE,SANTIAGO,90000.0,80000.0,,,AIRE mal escrito (debería ser AIRE),2025-08-03 02:14:41,eaf43c291795fbaf3432842f090a2c90b8bbd87cad64d414e3d7609ce33bb507,90,NO
FABIA 2021,CAÑERIAS PLÁSTICAS DE GASES,Cañerias Plásticas DE Gases,,DISPONIBLE,,0,0,,,GAS mal escrito (debería ser GAS); Precio es 0 - probablemente sin precio; Último precio es 0 - probablemente sin precio; Sin ubicación especificada,2025-08-03 02:14:41,4a525ffaff113ecc0a268e594bc6388d47babbce9d0cb8049c4b4c7e5d0fb337,55,SI
FABIA 2021,CAPOT,CAPÓ,,VENDIDO,SANTIAGO,310000.0,300000.0,,,CAPOT mal escrito (debería ser CAPÓ); CAPO mal escrito (debería ser CAPÓ),2025-07-04 02:14:41,2ad1bc8d13f6909ee3bc980c3a2429badd7844a733343b535fc6b4a96d4c417d,90,NO
FABIA 2021,CARCASA DE CALEFACCIÓN,Carcasa DE Calefacción,,DISPONIBLE,,0,0,,,Precio es 0 - probablemente sin precio; Último precio es 0 - probablemente sin precio; Sin ubicación especificada,2025-08-03 02:14:41,383e45c079e5eb7b44c472d22247364a2c816c8b5bede95fc587be0b7246ebcf,65,SI
FABIA 2021,CATALÍTICO,Catalítico,,VENDIDO,SANTIAGO,0,0,,,Precio es 0 - probablemente sin precio; Último precio es 0 - probablemente sin precio,2025-07-04 02:14:41,423b5bf7a0b7b28759f05862ef427eadaaea57b0dd028790f1d1640df7b4f750,85,NO
FABIA 2021,CHAPA CAPOT,Chapa CAPÓ,,DISPONIBLE,SANTIAGO,47600.0,40000.0,,,CAPOT mal escrito (debería ser CAPÓ); CAPO mal escrito (debería ser CAPÓ),2025-08-03 02:14:41,4833d33dda8213f8f3d969547a8f5097d658c4433cc70f256d699066e9ef0788,90,NO
FABIA 2021,CHAPA PORTALÓN,Chapa Portalón,,NO DISPONIBLE,SANTIAGO,0,0,,SE VENDIÓ PORTALÓN COMPLETO,Precio es 0 - probablemente sin precio; Último precio es 0 - probablemente sin precio,2025-08-03 02:14:41,1771d2d7e878ae698237bb0b0b1e94d99553a76b9f437e0629b40be2e2bbf095,85,NO
FABIA 2021,CHAPA PUERTA DELANTERA LH,Chapa Puerta,Izquierda Delantera,NO DISPONIBLE,,0,0,,,Posición LH detectada; Posición DELANTERA detectada; Precio es 0 - probablemente sin precio; Último precio es 0 - probablemente sin precio; Sin ubicación especificada,2025-08-03 02:14:41,035d2790cce9ed43924554a51daa81f4b99f1d961bcbdf374c4540714834f68d,75,NO
FABIA 2021,CHAPA PUERTA DELANTERA RH,Chapa Puerta,Derecha Delantera,DISPONIBLE,,47600.0,40000.0,,,Posición RH detectada; Posición DELANTERA detectada; Sin ubicación especificada,2025-08-03 02:14:41,e85b4ee31f9e8040994f26c01f36cfa505f6376d034059c6865af9deab7ddc0c,90,NO
FABIA 2021,CHAPA PUERTA TRASERA LH,Chapa Puerta,Izquierda Trasera,VENDIDO,SANTIAGO,47600.0,40000.0,,,Posición LH detectada; Posición TRASERA detectada,2025-07-04 02:14:41,d29bdc5af77f782d1796d58adc7f6d9c8f9ef86a8a5af8231997c4eefe03c81b,100,NO
FABIA 2021,CHAPA PUERTA TRASERA RH,Chapa Puerta,Derecha Trasera,DISPONIBLE,,47600.0,40000.0,,,Posición RH detectada; Posición TRASERA detectada; Sin ubicación especificada,2025-08-03 02:14:41,f09d95ef70f10280bfbe6ade73d0fe053f5a1e5c8e877566b26fc232956495a9,90,NO
FABIA 2021,CINTA AIRBAG,Cinta Airbag,,DISPONIBLE,SANTIAGO,60000.0,50000.0,,,,2025-08-03 02:14:41,456b261d360c263181b030ac38563a7755deeb9b26dbae3a88404a88bad36d36,100,NO
FABIA 2021,CLIMATIZADOR,Climatizador,,DISPONIBLE,,120000.0,110000.0,,,Sin ubicación especificada,2025-08-03 02:14:41,f496b126bc552ed9c5cca133900bd22259f28668919cd00e7813b8bb62d7662f,90,NO
FABIA 2021,COFIA,Cofia,,DISPONIBLE,,55000.0,50000.0,,,Sin ubicación especificada,2025-08-03 02:14:41,a5b26825a0d51386c92df7af61d462d0c3d09d60c993626d87b726c4c91db064,90,NO
FABIA 2021,COLUMNA DE DIRECCION ELECTRONICA,Columna DE Dirección Electrónicoa,,VENDIDO,SANTIAGO,200000.0,190000.0,,,DIRECCION mal escrito (debería ser DIRECCIÓN); ELECTRONIC mal escrito (debería ser ELECTRÓNICO),2025-07-04 02:14:41,c981d5ff5a33b1ab94bc6b29a2c62b41cebce02e9db659911900600a91e8b2b6,90,NO
FABIA 2021,COMPRESOR AIRE ACONDICIONADO,Compresor AIRE Acondicionado,,DISPONIBLE,SANTIAGO,100000.0,90000.0,,,COMPRESOR mal escrito (debería ser COMPRESOR); AIRE mal escrito (debería ser AIRE),2025-08-03 02:14:41,345a54ac4e74d8e02bf6c9ead348ab586f128487d9228c8e4a0c820b3a9b3461,90,NO
FABIA 2021,CORTE COLA,Corte COLA,,VENDIDO,SANTIAGO,220000.0,210000.0,,,,2025-07-04 02:14:41,d81bf4efbf3391675c51c98cf6e88096fa9d07c9b5529aeb69602447a6e40078,100,NO
FABIA 2021,CORTE TECHO,Corte Techo,,DISPONIBLE,REQUINOA,120000.0,110000.0,,,,2025-08-03 02:14:41,598e2e893e23faf28337c53d760063e0a528752fd82d0e0c6da60ae67c6fcd83,100,NO
FABIA 2021,CREMALLERA DE ALZAVIDRIO DELANTERA RH,Cremallera DE Alzavidrio,Derecha Delantera,DISPONIBLE,SANTIAGO,55000.0,50000.0,,,CREMALLERA mal escrito (debería ser CREMALLERA); Posición RH detectada; Posición DELANTERA detectada,2025-08-03 02:14:41,fbc83a062baed328378681196883674767774d233c633d287e083233e552f671,90,NO
FABIA 2021,CREMALLERA DE ALZAVIDRIO TRASERA LH,Cremallera DE Alzavidrio,Izquierda Trasera,DISPONIBLE,SANTIAGO,55000.0,50000.0,,,CREMALLERA mal escrito (debería ser CREMALLERA); Posición LH detectada; Posición TRASERA detectada,2025-08-03 02:14:41,d660f524c19abf7e9de5929e35f7faa9586438708671b4ad7030acd9245263da,90,NO
FABIA 2021,CREMALLERA DE ALZAVIDRIO TRASERA RH,Cremallera DE Alzavidrio,Derecha Trasera,DISPONIBLE,SANTIAGO,55000.0,50000.0,,,CREMALLERA mal escrito (debería ser CREMALLERA); Posición RH detectada; Posición TRASERA detectada,2025-08-03 02:14:41,2b1a68f382c307e6a3f8fc7c89b2229b48bf1dbfcf4bcfd0c5a570b43a1bae34,90,NO
FABIA 2021,CREMALLERA DE DIRECCION,Cremallera DE Dirección,,DISPONIBLE,SANTIAGO,140000.0,130000.0,,PRECIO ACTUALIZADO,DIRECCION mal escrito (debería ser DIRECCIÓN); CREMALLERA mal escrito (debería ser CREMALLERA),2025-08-03 02:14:41,b5f0795599093e9d897fb039d17247ef125170817872f55d79a1a0831d6bcf7d,90,NO
FABIA 2021,CUBRE CARTER,Cubre Cárter,,VENDIDO,SANTIAGO,55000.0,50000.0,,,CARTER mal escrito (debería ser CÁRTER),2025-07-04 02:14:41,c22f8d647b63ed6bf870434a98abb08a7b4543f48139d1ade9446689bfa197e2,90,NO
FABIA 2021,CUBRE CHAPA,Cubre Chapa,,VENDIDO,SANTIAGO,55000.0,45000.0,,,,2025-07-04 02:14:41,de30e1dc94c2de7d3cdba2778731c4c13d02a7ad10044d1e3652b71403582c13,100,NO
FABIA 2021,CUBRE RUEDA DE REPUESTO,Cubre Rueda DE Repuesto,,DISPONIBLE,SANTIAGO,35700.0,30000.0,,,,2025-08-03 02:14:41,7f06f18cf5093b936ee1fbec5119508c08eedecf3429913e3d4f6dd945d55b08,100,NO
FABIA 2021,CUBRE TORPEDO EXTERIOR,Cubre Torpedo Exterior,,DISPONIBLE,,75000.0,70000.0,,,Sin ubicación especificada,2025-08-03 02:14:41,0a802c18a5247eaccf98712ef24e014b943afcb3328058a8015225cc38b16be4,90,NO
FABIA 2021,CUERPO DE ACELERACIÓN,Cuerpo DE Aceleración,,VENDIDO,SANTIAGO,140000.0,130000.0,,,,2025-07-04 02:14:41,a1f56674d47c8f90afb33adee587de7464f2b166b7082ed18d1049c8ef83cbe9,100,NO
FABIA 2021,CUNA,CUNA,,DISPONIBLE,SANTIAGO,150000.0,140000.0,,,,2025-08-03 02:14:41,cbd774a3aea1d859d384beddc15dad387c259c293f1e21156dcf9ec43e0e1151,100,NO
FABIA 2021,DEPÓSITO DE AGUA O LÍQUIDO REFRIGERANTE,Depósito DE AGUA O Líquido Refrigerante,,DISPONIBLE,SANTIAGO,40000.0,35000.0,,,,2025-08-03 02:14:41,f8520d9ed4ecbcd52560403ce239015198d6cd171999f6d6abb13fedc99047da,100,NO
FABIA 2021,DEPÓSITO LIMPIAPARABRISAS,Depósito Limpiaparabrisass,,VENDIDO,SANTIAGO,60000.0,50000.0,,,LIMPIAPARABRISA mal escrito (debería ser LIMPIAPARABRISAS),2025-07-04 02:14:41,6e6fd125ccd164dbe443cdcb9685efb12feb480fe6410123232afc0f7d138e90,90,NO
FABIA 2021,DEPÓSITO Y BOMBA DE FRENO ñ,Depósito Y Bomba DE Freno Ñ,,DISPONIBLE,SANTIAGO,0,0,,,FRENO mal escrito (debería ser FRENO); BOMBA mal escrito (debería ser BOMBA); Precio es 0 - probablemente sin precio; Último precio es 0 - probablemente sin precio,2025-08-03 02:14:41,b3d6962945b6832259cdcfd3c0f8433d1baf3d2caa05f0721a47f05cb5d15c6a,65,SI
FABIA 2021,DISCO DELANTERO LH,Disco,Izquierda Delantera,DISPONIBLE,SANTIAGO,25000.0,20000.0,,,DISCO mal escrito (debería ser DISCO); Posición LH detectada; Posición DELANTERO detectada,2025-08-03 02:14:41,fa7ebade1e856944a7074cb5d5a35a9a4aed85cc2ccb68cb9dc691b067708403,90,NO
FABIA 2021,DISCO DELANTERO RH,Disco,Derecha Delantera,DISPONIBLE,SANTIAGO,25000.0,20000.0,,,DISCO mal escrito (debería ser DISCO); Posición RH detectada; Posición DELANTERO detectada,2025-08-03 02:14:41,e33be23faa009d0506e18f890735b8a4585e0aa1244614987008833f84367fb0,90,NO
FABIA 2021,DISCO TRASERO LH,Disco,Izquierda Trasera,DISPONIBLE,SANTIAGO,25000.0,20000.0,,,DISCO mal escrito (debería ser DISCO); Posición LH detectada; Posición TRASERO detectada,2025-08-03 02:14:41,32624149c642e157794b92e1fdef819a7c587aa98a3ebed5029374825c0f334d,90,NO
FABIA 2021,DISCO TRASERO RH,Disco,Derecha Trasera,DISPONIBLE,SANTIAGO,25000.0,20000.0,,,DISCO mal escrito (debería ser DISCO); Posición RH detectada; Posición TRASERO detectada,2025-08-03 02:14:41,9e4294eda038874789db321c1421b7f8065f30617edb9eff2ebd6583c2831cb6,90,NO
FABIA 2021,DISPENSADOR LENTES,Dispensador Lentes,,DISPONIBLE,,35000.0,30000.0,,,Sin ubicación especificada,2025-08-03 02:14:41,38d5f0a46723210d41bbeb0fe631f700797369d82db208125616f26b0ac4fda1,90,NO
FABIA 2021,ECU,ECU,,DISPONIBLE,SANTIAGO,230000.0,220000.0,,,ECU mal escrito (debería ser ECU),2025-08-03 02:14:41,c97e87594bee097060db9b2df5a63e216304d34488d9b6f72286ea47793864fc,90,NO
FABIA 2021,EJE PALIER LH,EJE Palier,Izquierda,VENDIDO,SANTIAGO,180000.0,170000.0,,,Posición LH detectada,2025-07-04 02:14:41,e612537766d7c20cbb2c6a49ee18c95ce243af2b50679aaa329274c490030042,100,NO
FABIA 2021,EJE PELIER RH,EJE Pelier,Derecha,DISPONIBLE,SANTIAGO,200000.0,190000.0,,,Posición RH detectada,2025-08-03 02:14:41,328ff659081ec286398ffdc8faa030eee239455ecb8b3fcbac60b355f625ca9c,100,NO
FABIA 2021,EJE TRASERO,EJE,Trasera,VENDIDO,,210000.0,200000.0,,,Posición TRASERO detectada; Sin ubicación especificada,2025-07-04 02:14:41,ca48b2fe466c2f5d3c9264f0d04b6bb68b46206e1c268b04ea7939b12b5c0d51,90,NO
FABIA 2021,ELECTRO VENTILADOR,Electro Ventilador,,VENDIDO,SANTIAGO,110000.0,100000.0,,,,2025-07-04 02:14:41,acffdc56b9c242a03c2e2e55aa509b337e4ba630f31ab8b1c0b1d55f610bd3e2,100,NO
FABIA 2021,ENCENDEDOR DE CIGARROS,Encendedor DE Cigarros,,DISPONIBLE,SANTIAGO,15000.0,10000.0,,,,2025-08-03 02:14:41,a1e79a0680bf5481c1db38c4b094bebc7fac27283326dccea6c2daa9bfc06c05,100,NO
FABIA 2021,ESPEJO CENTRAL,Espejo,Central,VENDIDO,SANTIAGO,35000.0,30000.0,,,Posición CENTRAL detectada,2025-07-04 02:14:41,c25051634af830f11d91500308af36dad323b549bbfbf395d0d0ec0ab8a3e6a3,100,NO
FABIA 2021,ESPEJO DERECHO,Espejo,Derecha,VENDIDO,SANTIAGO,110000.0,100000.0,,,Posición DERECHO detectada,2025-07-04 02:14:41,1a3ac05b0b9cb76ba2f8b92cc86c92db83277239d2b9d50c43fab46eb1cfa22b,100,NO
FABIA 2021,ESPEJO IZQUIERDO,Espejo,Izquierda,VENDIDO,SANTIAGO,120000.0,110000.0,,,Posición IZQUIERDO detectada,2025-07-04 02:14:41,6c611089debd582a56a932a0216a08baeabec4c3db23fa7eb63318d09c871aee,100,NO
FABIA 2021,ESPIRAL LH TRASEROS,Espiral,Izquierda Trasera,VENDIDO,SANTIAGO,20000.0,20000.0,,,Posición LH detectada; Posición TRASEROS detectada,2025-07-04 02:14:41,44feec8d880a781e652bf1ceba52e708e187a11b7014ee9d8bbdf5bbe7275e0b,100,NO
FABIA 2021,ESPIRAL RH TRASEROS,Espiral,Derecha Trasera,VENDIDO,SANTIAGO,20000.0,20000.0,,,Posición RH detectada; Posición TRASEROS detectada,2025-07-04 02:14:41,1e68a9fe53e8cbcd46ab46467c29a06d017bd6ebe46e83d21ffd2076a68b1b3b,100,NO
FABIA 2021,FOCO INTERIOR LUZ TECHO,FOCO Interior LUZ Techo,,DISPONIBLE,SANTIAGO,35000.0,30000.0,,,,2025-08-03 02:14:41,2b1ea6b1fbc789c4eeacaaf66f2ee500a8da8cbfb6858f74f51288fb899e5b7b,100,NO
FABIA 2021,FOCO TRASERO LH,FOCO,Izquierda Trasera,VENDIDO,SANTIAGO,100000.0,90000.0,,,Posición LH detectada; Posición TRASERO detectada,2025-07-04 02:14:41,2a55d395925be34a4e54cddc4171bd4a5f74c77b7b0620772bd90ce0e108b16a,100,NO
FABIA 2021,FOCO TRASERO RH,FOCO,Derecha Trasera,VENDIDO,SANTIAGO,55000.0,50000.0,,,Posición RH detectada; Posición TRASERO detectada,2025-07-04 02:14:41,b67be43dad774c03afb79f8b3f84ae0478ef136dcfe5cdb55316770755a4437d,100,NO
FABIA 2021,FRONTAL SUPERIOR,,Superior Frontal,VENDIDO,SANTIAGO,90000.0,80000.0,,,Posición SUPERIOR detectada; Posición FRONTAL detectada,2025-07-04 02:14:41,d4d12d39087a350767aa7a54a7aa09406dbbf5306a5d47f43f484a9f2541db05,70,NO
FABIA 2021,FUNDA DE PARACHOQUE DELANTERO,Funda DE Parachoques,Delantera,VENDIDO,SANTIAGO,160000.0,150000.0,,,PARACHOQUE mal escrito (debería ser PARACHOQUES); Posición DELANTERO detectada,2025-07-04 02:14:41,88dc1006d49034565a31752f0d9a51c01e312aed79fa489fa6e52d76cd034fec,90,NO
FABIA 2021,FUNDA DE PARACHOQUE TRAASERO,Funda DE Parachoques Traasero,,VENDIDO,SANTIAGO,160000.0,150000.0,,,PARACHOQUE mal escrito (debería ser PARACHOQUES),2025-07-04 02:14:41,91d1ae403c54c222c320a683ea834c59a4b8d5be1ae53ab85e08399bd5be2bdf,90,NO
FABIA 2021,FUSILERA DELANTERA O BCM,Fusilera O BCM,Delantera,VENDIDO,SANTIAGO,220000.0,210000.0,,,Posición DELANTERA detectada,2025-07-04 02:14:41,00bac0be25e6756faf34bcbf9b1ea1ce449a759fa85fbf55cbf0116745b8f9a9,100,NO
FABIA 2021,GOMA MARCO PUERTA DELANTERA LH,GOMA Marco Puerta,Izquierda Delantera,VENDIDO,SANTIAGO,35000.0,30000.0,,,Posición LH detectada; Posición DELANTERA detectada,2025-07-04 02:14:41,04d3ac36da356aaa228d25c63119f24dea219db54c7c078d56ab5263b5fa98bd,100,NO
FABIA 2021,GOMA MARCO PUERTA DELANTERA RH,GOMA Marco Puerta,Derecha Delantera,DISPONIBLE,,35000.0,30000.0,,,Posición RH detectada; Posición DELANTERA detectada; Sin ubicación especificada,2025-08-03 02:14:41,cc66d3be277bace9b0a6d474beae5a89d70c28ab411fc1a8ae44844a8c82a5e1,90,NO
FABIA 2021,GOMA MARCO PUERTA TRASERA LH,GOMA Marco Puerta,Izquierda Trasera,DISPONIBLE,,35000.0,30000.0,,,Posición LH detectada; Posición TRASERA detectada; Sin ubicación especificada,2025-08-03 02:14:41,9bfd20e8d538c50753a5ed59307ec0ea46214ab3abf401207d4064bc674e0fbe,90,NO
FABIA 2021,GOMA MARCO PUERTA TRASERA RH,GOMA Marco Puerta,Derecha Trasera,DISPONIBLE,,35000.0,30000.0,,,Posición RH detectada; Posición TRASERA detectada; Sin ubicación especificada,2025-08-03 02:14:41,f4d77f515c028be55cbcb6a92c03cb4c94cd1aeefe5363440fd2495be9152c59,90,NO
FABIA 2021,GOMA TORPEDO,GOMA Torpedo,,DISPONIBLE,,45000.0,40000.0,,,Sin ubicación especificada,2025-08-03 02:14:41,594eefbc12c0df40c57c1951b4c75a07f5898a8bfbbeeb4bfcd94dbccda9d806,90,NO
FABIA 2021,GUANTERA,Guantera,,DISPONIBLE,,35000.0,30000.0,,,Sin ubicación especificada,2025-08-03 02:14:41,9d60bff94fdf00b6bcff9fa45195ee98e097ad5d6a84dae12556a9899e19809a,90,NO
FABIA 2021,GUARDAFANGO DELANTERO DER,Guardafango,Derecha Delantera,VENDIDO,SANTIAGO,55000.0,50000.0,,,Posición DER detectada; Posición DELANTERO detectada,2025-07-04 02:14:41,81b97f71b7e995da7255f572673bc462494137e103153c3a58de094acc8d3870,100,NO
FABIA 2021,GUARDAFANGO DELANTERO IZQ,Guardafango,Izquierda Delantera,VENDIDO,SANTIAGO,55000.0,50000.0,,,Posición IZQ detectada; Posición DELANTERO detectada,2025-07-04 02:14:41,0a10777624874e79f57d5e015e735bc7c9d1701509419ab34d77250a991b57ea,100,NO
FABIA 2021,GUARDAFANGO TRASERO LH,Guardafango,Izquierda Trasera,DISPONIBLE,SANTIAGO,35000.0,30000.0,,,Posición LH detectada; Posición TRASERO detectada,2025-08-03 02:14:41,2bd703b2f517d553e9bf318b89dcc8300dc26bbacb2afe31bb661fb7adc8f6e0,100,NO
FABIA 2021,GUARDAFANGO TRASERO RH,Guardafango,Derecha Trasera,DISPONIBLE,SANTIAGO,35000.0,30000.0,,,Posición RH detectada; Posición TRASERO detectada,2025-08-03 02:14:41,da918a52e7adb3d8693ba42db35c9645c567a53c4278828b683a61eef2dd71f2,100,NO
FABIA 2021,INTERCULER,Interculer,,VENDIDO,SANTIAGO,190000.0,180000.0,,,,2025-07-04 02:14:41,a5a9f95982f596624a8ac63aa42e646a85f8d35048efab32e23fc06a88067994,100,NO
FABIA 2021,KIT DE AIRBAG,KIT DE Airbag,,VENDIDO,SANTIAGO,650000.0,630000.0,,TRAER EJE PALIER,KIT indica múltiples piezas,2025-07-04 02:14:41,8e2ddb96086aa73e676ced6e6f07c46e58277b360d32b4a83b1f4dd4ac23c858,100,NO
FABIA 2021,"KIT ENCENDIDO (CHAPA, LLAVE, )","KIT Encendido (Chapa, Llave, )",,DISPONIBLE,,450000.0,400000.0,,,ENCENDIDO mal escrito (debería ser ENCENDIDO); KIT indica múltiples piezas; Sin ubicación especificada,2025-08-03 02:14:41,a6ff70eefea6f9e9cb32e09a43029c44b82a85193e9a824bbc2a53942aca298a,80,NO
FABIA 2021,LETRAS FABIA,Letras Fabia,,DISPONIBLE,,25000.0,20000.0,,,Sin ubicación especificada,2025-08-03 02:14:41,6fbef4657067c4d3117ca4c1dd0e7d6a0e26b465139752fa3a03c123c09ebad6,90,NO
FABIA 2021,LINEA DE ESCAPE,Linea DE Escape,,VENDIDO,SANTIAGO,70000.0,60000.0,,,ESCAPE mal escrito (debería ser ESCAPE),2025-07-04 02:14:41,d026deb8ef9cfcca597f14982980763ffad9b25211d92ff4ef0711d2128b8b0c,90,NO
FABIA 2021,LLABE,Llabe,,DISPONIBLE,,0,0,,,Precio es 0 - probablemente sin precio; Último precio es 0 - probablemente sin precio; Sin ubicación especificada,2025-08-03 02:14:41,6259e4c1b2a2208b820094e66dfdcbad9aa24be572cca1253d790e9d0009b38b,65,SI
FABIA 2021,LLANTA 1,Llanta 1,,VENDIDO,SANTIAGO,210000.0,200000.0,,,LLANTA mal escrito (debería ser LLANTA),2025-07-04 02:14:41,da26dd265eec398fa43e032737ce282de3ab8afe60cc6572d6cfdc2c9edd2613,90,NO
FABIA 2021,LLANTA 2,Llanta 2,,VENDIDO,SANTIAGO,140000.0,120000.0,,EL PAR 200,LLANTA mal escrito (debería ser LLANTA),2025-07-04 02:14:41,f43c65b96d683e14ca1e93bdbaf0b115078cc41bef037720455eae9082a420cc,90,NO
FABIA 2021,LLANTA 3,Llanta 3,,VENDIDO,SANTIAGO,140000.0,120000.0,,EL PAR 200,LLANTA mal escrito (debería ser LLANTA),2025-07-04 02:14:41,88cb7bef38ed51b2ba1f271aef04c0801be019b2168a2627c72fe0a8e965714c,90,NO
FABIA 2021,LLANTA 4,Llanta 4,,VENDIDO,SANTIAGO,140000.0,120000.0,,EL PAR 200,LLANTA mal escrito (debería ser LLANTA),2025-07-04 02:14:41,1ea0cb7daa75bb8cc9779b2027bec95b3af4a225a670b99e05555a52d4cca729,90,NO
FABIA 2021,LOGO CAPOT,LOGO CAPÓ,,VENDIDO,SANTIAGO,30000.0,25000.0,,,CAPOT mal escrito (debería ser CAPÓ); CAPO mal escrito (debería ser CAPÓ),2025-07-04 02:14:41,38e08d9a1f9f342f919fc49b31009e948a02f3e5dd83851b971e62689bab4b1c,90,NO
FABIA 2021,LUZ INTERIOR (TECHO),LUZ Interior (Techo),,DISPONIBLE,,45000.0,40000.0,,,Sin ubicación especificada,2025-08-03 02:14:41,1035a94eb9db9ec690dc7a169233e0ea9b8da378d391183c5b1b7f29e3a813fb,90,NO
FABIA 2021,MANGUERAS DE RADIADOR,Manguerass DE Radiador,,DISPONIBLE,SANTIAGO,45000.0,40000.0,,EL PAR,MANGUERA mal escrito (debería ser MANGUERAS); RADIADOR mal escrito (debería ser RADIADOR),2025-08-03 02:14:41,8f786f44c6b56621756d78c249a0f694f2e2f37000c313a3cafe8cc7a1b73955,90,NO
FABIA 2021,MANILLA INTERIOR PUERTA DEL RH,Manilla Interior Puerta DEL,Derecha,VENDIDO,SANTIAGO,35000.0,30000.0,,,Posición RH detectada,2025-07-04 02:14:41,c09214ed0e562d8b6e66a71dfdad9df49fba9ffed689383d4db42f06030de329,100,NO
FABIA 2021,MANILLA INTERIOR PUERTA TRASERA RH,Manilla Interior Puerta,Derecha Trasera,DISPONIBLE,SANTIAGO,0,0,,,Posición RH detectada; Posición TRASERA detectada; Precio es 0 - probablemente sin precio; Último precio es 0 - probablemente sin precio,2025-08-03 02:14:41,2a491a541f76f45017b16896f873441a1860131114fcdf5ab88ffbc0b87fb0ae,75,NO
FABIA 2021,MANILLAS DE TECHO 4,Manillas DE Techo 4,,DISPONIBLE,,15000.0,10000.0,,,Sin ubicación especificada,2025-08-03 02:14:41,f9fac6d49d0cd7141eca7f9398a0fefeabc7d6446c3050c860e45a83b3997ba3,90,NO
FABIA 2021,MÁSCARA (REPARADA),Máscara (Reparada),,VENDIDO,SANTIAGO,130000.0,120000.0,,,,2025-07-04 02:14:41,b16ba77b21044c1522a2b7cb03ea7d30f2939be4e2eac9ff8f8e644220621f8f,100,NO
FABIA 2021,MENSULA DELANTERA LH,Mensula,Izquierda Delantera,DISPONIBLE,SANTIAGO,60000.0,50000.0,,,Posición LH detectada; Posición DELANTERA detectada,2025-08-03 02:14:41,770edc4f69860c6c35c1e4d76c0b52cbe9350a5234a62fe0249d11650707be32,100,NO
FABIA 2021,MENSULA DELANTERA RH,Mensula,Derecha Delantera,DISPONIBLE,SANTIAGO,60000.0,50000.0,,,Posición RH detectada; Posición DELANTERA detectada,2025-08-03 02:14:41,6785ce7e134092641507b35733304b68db1a1c69ea0e8b7b952d18213b759438,100,NO
FABIA 2021,MENSULA TRASERA LH,Mensula,Izquierda Trasera,DISPONIBLE,SANTIAGO,40000.0,35000.0,,,Posición LH detectada; Posición TRASERA detectada,2025-08-03 02:14:41,0a921738d2d0e7484f3b65d17c0f6cf84067736a18c35da8e4f5afe2dc2791c7,100,NO
FABIA 2021,MENSULA TRASERA RH,Mensula,Derecha Trasera,DISPONIBLE,SANTIAGO,40000.0,35000.0,,,Posición RH detectada; Posición TRASERA detectada,2025-08-03 02:14:41,3008d94c8a980539cb75f687dc30a8bbe47f6eeeef9f045164a2021a2ebc20a4,100,NO
FABIA 2021,MODULO ABS,Módulo ABS,,DISPONIBLE,,178500.0,150000.0,,,MODULO mal escrito (debería ser MÓDULO); Sin ubicación especificada,2025-08-03 02:14:41,91fa7ff859825e0fe7ab9fe3bfdd11944f4d970396135cd5cf42ad194f3a6efe,80,NO
FABIA 2021,MÓDULO CONTROL CALEFACCIÓN,Módulo Control Calefacción,,VENDIDO,,80000.0,70000.0,,,CONTROL mal escrito (debería ser CONTROL); Sin ubicación especificada,2025-07-04 02:14:41,0c1eb04f6cb32d2ee9a2c407bed041e3dce8033796c3a4ac0f5e2710002f597c,80,NO
FABIA 2021,MOLDURA DE PILAR CENTRAL EXTERIOR LH,Moldura DE Pilar Exterior,Izquierda Central,DISPONIBLE,REQUINOA,25000.0,20000.0,,,Posición LH detectada; Posición CENTRAL detectada,2025-08-03 02:14:41,aa02f3023198560dcda9a85a6e6a1e866160f30c7e8781360ab6f10d15cca82a,100,NO
FABIA 2021,MOLDURA DE PILAR CENTRAL EXTERIOR RH,Moldura DE Pilar Exterior,Derecha Central,DISPONIBLE,REQUINOA,25000.0,20000.0,,,Posición RH detectada; Posición CENTRAL detectada,2025-08-03 02:14:41,479a8e3541c5e2736c942c5a05512823e124792cbc03c6eeb666a5f5dc7fb6b3,100,NO
FABIA 2021,MOTOR ALZAVIDRIO DELANTERO RH,Motor Alzavidrio,Derecha Delantera,DISPONIBLE,,60000.0,50000.0,,,Posición RH detectada; Posición DELANTERO detectada; Sin ubicación especificada,2025-08-03 02:14:41,8caeb233250bc64daf1f3941854951e26a7c919def6fad19eea42a9bce2f6df0,90,NO
FABIA 2021,MOTOR ALZAVIDRIO TRASERO RH,Motor Alzavidrio,Derecha Trasera,DISPONIBLE,,60000.0,50000.0,,,Posición RH detectada; Posición TRASERO detectada; Sin ubicación especificada,2025-08-03 02:14:41,839c8f264b02d8b452ac6cc43f828ec066e3937c8ef19d898a845789d944ab05,90,NO
FABIA 2021,MOTOR DE PARTIDA,Motor DE Partida,,DISPONIBLE,SANTIAGO,95000.0,80000.0,,,,2025-08-03 02:14:41,3fc8fc9c3494a2bc7210aa9984c1842ed152ccbb6d128b1e6cdd1df86571a31c,100,NO
FABIA 2021,MOTOR FACTURABLE,Motor Facturable,,DISPONIBLE,,690000.0,650000.0,,,Sin ubicación especificada,2025-08-03 02:14:41,b829c3c3511c638f71a2fca35b966eac2e53bb8ad20932c70a6bd42cd3fddae6,90,NO
FABIA 2021,MOTOR LIMPIAPARABRISAS CON VARILLAJE,Motor Limpiaparabrisass CON Varillaje,,VENDIDO,,140000.0,130000.0,,,LIMPIAPARABRISA mal escrito (debería ser LIMPIAPARABRISAS); Sin ubicación especificada,2025-07-04 02:14:41,47dc9707f8e7c85f23c6a720ea56c88e0b7b9bb2f3ecc82e1760f522cf1a4e96,80,NO
FABIA 2021,MÚLTIPLE DE ADMISIÓN,Múltiple DE Admisión,,VENDIDO,SANTIAGO,170000.0,160000.0,,,,2025-07-04 02:14:41,77eae177a518d831cafec49cd8ca8cd240c293d6e4562602d7cd2e3faceef114,100,NO
FABIA 2021,MUÑÓN Y MAZA LH DELANTERA,Muñón Y MAZA,Izquierda Delantera,VENDIDO,SANTIAGO,120000.0,110000.0,,,Posición LH detectada; Posición DELANTERA detectada,2025-07-04 02:14:41,f5a623ed26e17e63d7098dd80e62af78c4dcf9ab9653bed57265eef2915187dc,100,NO
FABIA 2021,MUÑÓN Y MAZA RH DELANTERA,Muñón Y MAZA,Derecha Delantera,VENDIDO,SANTIAGO,120000.0,110000.0,,,Posición RH detectada; Posición DELANTERA detectada,2025-07-04 02:14:41,cac98d0bc4a955ab4ba6ad74ba451197a053b6ded17107ce5071244617ee6ec3,100,NO
FABIA 2021,MUÑON Y MAZA TRASERA LH,Muñón Y MAZA,Izquierda Trasera,DISPONIBLE,,80000.0,75000.0,,,MUÑON mal escrito (debería ser MUÑÓN); Posición LH detectada; Posición TRASERA detectada; Sin ubicación especificada,2025-08-03 02:14:41,b4179ffa6c47d3b399940c2b740305fde08261b00a4b02ae4965c3eee7a2b2bf,80,NO
FABIA 2021,MUÑÓN Y MAZA TRASERA RH,Muñón Y MAZA,Derecha Trasera,DISPONIBLE,,80000.0,75000.0,,,Posición RH detectada; Posición TRASERA detectada; Sin ubicación especificada,2025-08-03 02:14:41,a1cb05e816bd6be09ce4e9446e1c2671b36cf41f364a791c3d203bf86d89c81f,90,NO
FABIA 2021,NEBLINERO DELANTERO DERECHO,Neblinero,Derecha Delantera,VENDIDO,SANTIAGO,55000.0,50000.0,,,Posición DERECHO detectada; Posición DELANTERO detectada,2025-07-04 02:14:41,4b115f1baf077ea25e05967c5d13127b7ea42a0870f62e466ec84e3a531685ac,100,NO
FABIA 2021,NEBLINERO DELANTERO IZQUIERDO,Neblinero,Izquierda Delantera,VENDIDO,SANTIAGO,55000.0,50000.0,,,Posición IZQUIERDO detectada; Posición DELANTERO detectada,2025-07-04 02:14:41,144ad3e79eb267a971e265dc566aed5be8c2aef2316ea741b67529986ebdda0b,100,NO
FABIA 2021,ÓPTICO DERECHO,Óptico,Derecha,VENDIDO,SANTIAGO,355000.0,350000.0,,,Posición DERECHO detectada,2025-07-04 02:14:41,e971e54f5f49115dc09ac7d15eb85aa83c054929d3df134be1f638266ad606ad,100,NO
FABIA 2021,ÓPTICO IZQUIERDO,Óptico,Izquierda,VENDIDO,SANTIAGO,355000.0,350000.0,,,Posición IZQUIERDO detectada,2025-07-04 02:14:41,b4e2611daca8b2d20e8629418ad040f6f17be0be321dcccd31009a4d1deeee60,100,NO
FABIA 2021,PALANCA AJUSTE MANUBRIO,Palanca Ajuste Manubrio,,DISPONIBLE,,65000.0,55000.0,,,Sin ubicación especificada,2025-08-03 02:14:41,2db329ba0dc455ca16328d3f34cd00024fa14c0ddfa4dee82b872be06bee2734,90,NO
FABIA 2021,PALANCA DE CAMBIOS,Palanca DE Cambios,,DISPONIBLE,SANTIAGO,85000.0,80000.0,,,,2025-08-03 02:14:41,95c09662fe5646e3192b0980a00d466a9ba17fc5e40e9b8932a0973e31875e83,100,NO
FABIA 2021,PARABRISAS,Parabrisas,,VENDIDO,SANTIAGO,110000.0,100000.0,,,,2025-07-04 02:14:41,84f1cc68addc7b5b31017cf54109794696f51e531ae5e295f6d030b9969149d8,100,NO
FABIA 2021,PARASOL LH,Parasol,Izquierda,DISPONIBLE,SANTIAGO,35000.0,30000.0,,COLOR NEGRO,Posición LH detectada,2025-08-03 02:14:41,58029085bc114d79507b8d99d938bca3a7c6faf30ba336ece7d0f08fa794ab2c,100,NO
FABIA 2021,PARASOL RH,Parasol,Derecha,VENDIDO,SANTIAGO,35000.0,30000.0,,,Posición RH detectada,2025-07-04 02:14:41,2ae904223827626a467607b805d95b1c625f94d6811947d39894dc9393621329,100,NO
FABIA 2021,PEDAL DE ACELERACION,Pedal DE Aceleracion,,DISPONIBLE,SANTIAGO,95200.0,80000.0,,,,2025-08-03 02:14:41,44a6adfa76a648a64ad1615771314bd6947ad816886dbd339d786c00f34ccdd2,100,NO
FABIA 2021,PEDAL DE FRENO,Pedal DE Freno,,DISPONIBLE,SANTIAGO,0,0,,,FRENO mal escrito (debería ser FRENO); Precio es 0 - probablemente sin precio; Último precio es 0 - probablemente sin precio,2025-08-03 02:14:41,21991b3e40782e9e242aeb8a46ce585cde9b87b34a68366de8d378059e440ce3,65,SI
FABIA 2021,PERNO RUEDA DE REPUESTO,Perno Rueda DE Repuesto,,NO DISPONIBLE,,0,0,,,Precio es 0 - probablemente sin precio; Último precio es 0 - probablemente sin precio; Sin ubicación especificada,2025-08-03 02:14:41,2385cb93990334a038b42707f398fc49074f0495a4ec577e63db8a3ed08f2546,75,NO
FABIA 2021,PIOLA CAPOT,Piola CAPÓ,,DISPONIBLE,,25000.0,20000.0,,,CAPOT mal escrito (debería ser CAPÓ); CAPO mal escrito (debería ser CAPÓ); Sin ubicación especificada,2025-08-03 02:14:41,2416d2cfe7db6832e3865f98b2d368d79e85c697b593b7b4f7b551183da78960,80,NO
FABIA 2021,PIOLA PALANCA DE CAMBIOS,Piola Palanca DE Cambios,,DISPONIBLE,SANTIAGO,0,0,,,Precio es 0 - probablemente sin precio; Último precio es 0 - probablemente sin precio,2025-08-03 02:14:41,87fd2aeeaeb84893fd162abf471d81dc1d55887d4c2f5250d86c4e90abdfec97,75,NO
FABIA 2021,PISOS DE TELA,Pisos DE TELA,,DISPONIBLE,,70000.0,60000.0,,,Sin ubicación especificada,2025-08-03 02:14:41,32e0599a89c5d92cf6c2fea88f6f7b0a90de037d455255286706acf0b1b4e73b,90,NO
FABIA 2021,PORTA FILTRO DE AIRE,Porta Filtro DE AIRE,,VENDIDO,SANTIAGO,80000.0,70000.0,,,FILTRO mal escrito (debería ser FILTRO); AIRE mal escrito (debería ser AIRE),2025-07-04 02:14:41,63d41fdef7ab48ecf35bf6df5dd6824f892ffaea603f74b25836a3d2441f35a7,90,NO
FABIA 2021,PORTALÓN COMPLETO,Portalón Completo,,VENDIDO,SANTIAGO,500000.0,480000.0,,,,2025-07-04 02:14:41,a975c74737f1f70415f92818a468a34d0cc68d51136743447ff76a29f799ad2a,100,NO
FABIA 2021,PROTECTOR INFERIOR PARACHOQUE,Protector Parachoques,Inferior,DISPONIBLE,,55000.0,50000.0,,,PARACHOQUE mal escrito (debería ser PARACHOQUES); Posición INFERIOR detectada; Sin ubicación especificada,2025-08-03 02:14:41,e15db6ee5a8d0c6e3eba5ff041d7b3189b16766b2a948958599d5ebf3842c9b5,80,NO
FABIA 2021,PUERTA COMPLETA IZQUIERDA,Puerta Completa,Izquierda,VENDIDO,SANTIAGO,300000.0,300000.0,,,Posición IZQUIERDA detectada,2025-07-04 02:14:41,2dd62733011db0cb4bb0d3a2eb7dff76eef12a94ca0074fdcf4165573f842614,100,NO
FABIA 2021,PUERTA SOLO LATA DELANTERA RH,Puerta SOLO LATA,Derecha Delantera,VENDIDO,SANTIAGO,210000.0,200000.0,,,Posición RH detectada; Posición DELANTERA detectada,2025-07-04 02:14:41,ff60cd878288192708378be11a13afc0d36b4b359a92d6baf5b76e65519c79bf,100,NO
FABIA 2021,PUERTA SOLO LATA TRASERA LH,Puerta SOLO LATA,Izquierda Trasera,VENDIDO,SANTIAGO,190000.0,180000.0,,,Posición LH detectada; Posición TRASERA detectada,2025-07-04 02:14:41,95a8fe9518b45cc9fbe3eedaee9d9ae0bd6015ec7c71ae7fd51b53d3111d5d22,100,NO
FABIA 2021,PUERTA SOLO LATA TRASERA RH,Puerta SOLO LATA,Derecha Trasera,VENDIDO,SANTIAGO,160000.0,150000.0,,,Posición RH detectada; Posición TRASERA detectada,2025-07-04 02:14:41,1778c33ec85b9ce2cddaedb8de568ea8f460b9df889d5b4e4fb65dd3e524ccaf,100,NO
FABIA 2021,RADIADOR AGUA,Radiador AGUA,,VENDIDO,SANTIAGO,85000.0,80000.0,,,RADIADOR mal escrito (debería ser RADIADOR),2025-07-04 02:14:41,658e0474bef00ed78ab95d1d6d15cb11ae48ce7ba0b105e4f459ab9e1fbcf7f3,90,NO
FABIA 2021,RADIADOR AIRE,Radiador AIRE,,VENDIDO,SANTIAGO,95000.0,90000.0,,,RADIADOR mal escrito (debería ser RADIADOR); AIRE mal escrito (debería ser AIRE),2025-07-04 02:14:41,a9ac08ddbba2de277ff67d6aaf8008956ae4540d6eb3fad22338f9b063466880,90,NO
FABIA 2021,RADIADOR DE CALEFACCIÓN,Radiador DE Calefacción,,DISPONIBLE,SANTIAGO,95200.0,80000.0,,,RADIADOR mal escrito (debería ser RADIADOR),2025-08-03 02:14:41,1c4375a2c435f078cb5de65e2605774cd4714566e018313ee56537b813302f53,90,NO
FABIA 2021,RADIO CUERPO,Radio Cuerpo,,VENDIDO,,50000.0,45000.0,,,Sin ubicación especificada,2025-07-04 02:14:41,1005020df46ebf8e36e6247584c7b7adcfeee8f037ea4de74da971da485754f3,90,NO
FABIA 2021,RADIO PANTALLA,Radio Pantalla,,VENDIDO,SANTIAGO,140000.0,135000.0,,,,2025-07-04 02:14:41,847829a1c7381e4f95e3da77c4ee5e10e7fad87199b8b5b1572dec376045b097,100,NO
FABIA 2021,REFUERZO DE PARACHOQUE DELANTERO,Refuerzo DE Parachoques,Delantera,VENDIDO,SANTIAGO,80000.0,75000.0,,,PARACHOQUE mal escrito (debería ser PARACHOQUES); Posición DELANTERO detectada,2025-07-04 02:14:41,0346e33aafecbec8c9384085e8f16c5db092322dc9f7eed15e0bf11e0105f5e2,90,NO
FABIA 2021,REGULADOR DE VOLANTE,Regulador DE Volante,,DISPONIBLE,,60000.0,55000.0,,,VOLANTE mal escrito (debería ser VOLANTE); Sin ubicación especificada,2025-08-03 02:14:41,ead7aa8615e96d08547e6d14562e94e9ed3f0b95b221370512274ec1edfe2789,80,NO
FABIA 2021,REJILLA CENTRAL DE VENTILACIÓN,Rejilla DE Ventilación,Central,DISPONIBLE,,30000.0,20000.0,,,Posición CENTRAL detectada; Sin ubicación especificada,2025-08-03 02:14:41,70fb29a305f63c31429b35d25c1b904b0412f64011ec70bb4a888107a07b1c78,90,NO
FABIA 2021,REJILLA INFERIOR CENTRAL,Rejilla,Inferior Central,DISPONIBLE,,110000.0,100000.0,,,Posición INFERIOR detectada; Posición CENTRAL detectada; Sin ubicación especificada,2025-08-03 02:14:41,a736908d84ef874cfa0dcc88153a5fa9688c6c8bca8986957148568393ed1f42,90,NO
FABIA 2021,REJILLA INFERIOR LATERAL LH,Rejilla Lateral,Izquierda Inferior,VENDIDO,SANTIAGO,45000.0,40000.0,,,Posición LH detectada; Posición INFERIOR detectada,2025-07-04 02:14:41,2f84c6b34a6785d97644ef8266feb7d9f35a484b57d6fb780e71e5b34140fd98,100,NO
FABIA 2021,REJILLA INFERIOR LATERAL RH,Rejilla Lateral,Derecha Inferior,VENDIDO,SANTIAGO,45000.0,40000.0,,,Posición RH detectada; Posición INFERIOR detectada,2025-07-04 02:14:41,f92eeea279cd591a7c083ce9335327b1b5b064ab75b5267520fd99c903a09848,100,NO
FABIA 2021,RESISTENCIA CALEFACCIÓN,Resistencia Calefacción,,DISPONIBLE,,40000.0,35000.0,,,Sin ubicación especificada,2025-08-03 02:14:41,c4d910a4e437c40131a960a2780890348308d7f4d53f0e533767aee34bbd83b4,90,NO
FABIA 2021,RIEL DE INYECCION,RIEL DE Inyeccion,,DISPONIBLE,,35000.0,30000.0,,,Sin ubicación especificada,2025-08-03 02:14:41,c216e01a5885740813c0fe4ca25bd0bce4fa41e8991b3509dfa9da246c5e829f,90,NO
FABIA 2021,RODAMIENTO TENSOR DE ACCESORIOS,Rodamiento Tensor DE Accesorios,,DISPONIBLE,SANTIAGO,71400.0,60000.0,,,TENSOR mal escrito (debería ser TENSOR); RODAMIENTO mal escrito (debería ser RODAMIENTO),2025-08-03 02:14:41,45c774e9c55eb485d73db869a545d8e4507b4c79ff0fad46705bdab3c168e014,90,NO
FABIA 2021,RUEDA DE REPUESTO CON ACCESORIOS,Rueda DE Repuesto CON Accesorios,,VENDIDO,SANTIAGO,110000.0,100000.0,,,,2025-07-04 02:14:41,9a9e85762ed21e9a5bce3b6a5244ee57d134d72677cc2f7b97b027855c947224,100,NO
FABIA 2021,SENSOR ABS DELANTERO LH,Sensor ABS,Izquierda Delantera,DISPONIBLE,SANTIAGO,25000.0,20000.0,,,SENSOR mal escrito (debería ser SENSOR); Posición LH detectada; Posición DELANTERO detectada,2025-08-03 02:14:41,a019e2b87771a271c353442b8ea5ea5fc4828693fbed9fc8d0c0d0bb8068cc56,90,NO
FABIA 2021,SENSOR ABS DELANTERO RH,Sensor ABS,Derecha Delantera,DISPONIBLE,SANTIAGO,25000.0,20000.0,,,SENSOR mal escrito (debería ser SENSOR); Posición RH detectada; Posición DELANTERO detectada,2025-08-03 02:14:41,9e935ba039c47bb0c2b3cb074d72c0484551fab23429081d8ab096b0892d3667,90,NO
FABIA 2021,SENSOR DE OXÍGENO,Sensor DE Oxígeno,,DISPONIBLE,SANTIAGO,25000.0,20000.0,,,SENSOR mal escrito (debería ser SENSOR),2025-08-03 02:14:41,1f459de21f6fef8b33ea0e64ee0dcf216576e6d374b4ac1f2f7121f6fd17c495,90,NO
FABIA 2021,SENSOR DE OXÍGENO,Sensor DE Oxígeno,,DISPONIBLE,SANTIAGO,25000.0,20000.0,,,SENSOR mal escrito (debería ser SENSOR),2025-08-03 02:14:41,1f459de21f6fef8b33ea0e64ee0dcf216576e6d374b4ac1f2f7121f6fd17c495,90,NO
FABIA 2021,SENSORES DE ESTACIONAMIENTO DELANTEROS,Sensores DE Estacionamiento,Delantera,VENDIDO,SANTIAGO,110000.0,105000.0,,,SENSOR mal escrito (debería ser SENSOR); Posición DELANTEROS detectada,2025-07-04 02:14:41,79d2829c06bdc7aae7a8532def4d46a3a01bebde7d297960746d3d42a2ce41af,90,NO
FABIA 2021,SENSORES DE ESTACIONAMIENTO TRASEROS,Sensores DE Estacionamiento,Trasera,NO DISPONIBLE,,110000.0,105000.0,,,SENSOR mal escrito (debería ser SENSOR); Posición TRASEROS detectada; Sin ubicación especificada,2025-08-03 02:14:41,bc1f35231e98e07e729d98442ade9a61414d6dc2383e6c4f4e16e1d9d16972bb,80,NO
FABIA 2021,SERVO FRENO,Servo Freno,,DISPONIBLE,SANTIAGO,0,0,,,FRENO mal escrito (debería ser FRENO); Precio es 0 - probablemente sin precio; Último precio es 0 - probablemente sin precio,2025-08-03 02:14:41,b5f9041982b5817854dbb6e29634882ba04d8eea850e8945d94f26ffa9d09961,65,SI
FABIA 2021,SINÓPTICO (DEVUELTO),Sinóptico (Devuelto),,DISPONIBLE,,110000.0,105000.0,,,Sin ubicación especificada,2025-08-03 02:14:41,5d4441c8ed110b1fe3a7842b9ccf5e62c3ea442f4fbdd9721898e23848838e36,90,NO
FABIA 2021,SOPORTE DE MOTOR RH,Soporte DE Motor,Derecha,VENDIDO,SANTIAGO,80000.0,70000.0,,,SOPORTE mal escrito (debería ser SOPORTE); Posición RH detectada,2025-07-04 02:14:41,9c2080d96dc2b6b7c0d9c6df2d4449a91d7635322068d1adedc56bf651bb704c,90,NO
FABIA 2021,TAPA DE BENCINA EXTERIOR,TAPA DE Bencina Exterior,,DISPONIBLE,SANTIAGO,30000.0,25000.0,,,,2025-08-03 02:14:41,60926d962bb19270786b67ad08a7e9b7b1070148b7d1087e750050095c0242a4,100,NO
FABIA 2021,TAPA DE BENCINA INTERIOR,TAPA DE Bencina Interior,,DISPONIBLE,SANTIAGO,0,0,,,Precio es 0 - probablemente sin precio; Último precio es 0 - probablemente sin precio,2025-08-03 02:14:41,e7e7db41a5e5c8e1e90bed78bf4bc4afe22f7bd9a33d7c89b43e6fe6c62c8c10,75,NO
FABIA 2021,TAPA FUSIBLES MOTOR,TAPA Fusibles Motor,,VENDIDO,SANTIAGO,35000.0,30000.0,,,FUSIBLE mal escrito (debería ser FUSIBLE),2025-07-04 02:14:41,e5b49692ab8c8bd8ae2f18ae1c0cb627e33bd16f67afd108f983a46f1edb2e9e,90,NO
FABIA 2021,TAPABARRO DERECHO,Tapabarro,Derecha,VENDIDO,SANTIAGO,110000.0,100000.0,,,Posición DERECHO detectada,2025-07-04 02:14:41,0d3c12bda8a27b105599494337b64cd2f0414d3130ed2b03f5b5ea808120d5ec,100,NO
FABIA 2021,TAPABARRO IZQUIERDO,Tapabarro,Izquierda,VENDIDO,SANTIAGO,110000.0,100000.0,,,Posición IZQUIERDO detectada,2025-07-04 02:14:41,41e29cc0b4d0572b21b2e1a0231d5a57ee571e2b1dedd3554c2b6e10f574075a,100,NO
FABIA 2021,TAPIZ PUERTA DELANTERA RH,Tapiz Puerta,Derecha Delantera,DISPONIBLE,,45000.0,40000.0,,,Posición RH detectada; Posición DELANTERA detectada; Sin ubicación especificada,2025-08-03 02:14:41,c0ad33fc304ed296d4512f61cca51bcfafb769de8b66a1879951f7f3678db994,90,NO
FABIA 2021,TAPIZ PUERTA TRASERA LH,Tapiz Puerta,Izquierda Trasera,DISPONIBLE,,45000.0,40000.0,,,Posición LH detectada; Posición TRASERA detectada; Sin ubicación especificada,2025-08-03 02:14:41,a7d8e473569840cde3479ab1a98704c2b73751a6869c0c7609b897deac738c8f,90,NO
FABIA 2021,TAPIZ PUERTA TRASERA RH,Tapiz Puerta,Derecha Trasera,DISPONIBLE,,45000.0,40000.0,,,Posición RH detectada; Posición TRASERA detectada; Sin ubicación especificada,2025-08-03 02:14:41,bbb6e89c16e161ab1ec39764beb8a40e89f2f1fc6638cd3bf2b1487ff89104c7,90,NO
FABIA 2021,TELECOMANDO CADA UNO,Telecomando CADA UNO,,DISPONIBLE,SANTIAGO,70000.0,60000.0,,,,2025-08-03 02:14:41,16cecbdece186fbd3b84f1f5e960d426db8e77cf5c2a24d221105d80567d63b9,100,NO
FABIA 2021,TELECOMANDO COMPLETO,Telecomando Completo,,DISPONIBLE,SANTIAGO,75000.0,60000.0,,,,2025-08-03 02:14:41,dcce7aef0b22e8e90e8f80b1eae13857a44b81e025a23bc9268e79dabd1befce,100,NO
FABIA 2021,TERMOSTATO,Termostato,,VENDIDO,,0,0,,,Precio es 0 - probablemente sin precio; Último precio es 0 - probablemente sin precio; Sin ubicación especificada,2025-07-04 02:14:41,1742c4deb76862632f5633dd420d9e3a127b3dcadca15192300c4d0a3acc11c4,75,NO
FABIA 2021,TIRANTE DE PUERTA TRASERA LH,Tirante DE Puerta,Izquierda Trasera,DISPONIBLE,SANTIAGO,15000.0,10000.0,,,Posición LH detectada; Posición TRASERA detectada,2025-08-03 02:14:41,c03d2ef8daf82a6d299e11a74d0a9c88e27e0a5c85c5f412daf4aa3fd4b0be0f,100,NO
FABIA 2021,TUBERÍA DE AGUA,Tubería DE AGUA,,DISPONIBLE,SANTIAGO,0,0,,TUBERÍA?,Precio es 0 - probablemente sin precio; Último precio es 0 - probablemente sin precio,2025-08-03 02:14:41,c6eb6e6ad19bfcdcf363e413b0777613a0050787616ec77fba353a9801d4b86e,75,NO
FABIA 2021,TUBERIA LIQUIDO REFRIGERANTE,Tuberia Liquido Refrigerante,,DISPONIBLE,,0,0,,,Precio es 0 - probablemente sin precio; Último precio es 0 - probablemente sin precio; Sin ubicación especificada,2025-08-03 02:14:41,48542f155f6d4510b4c8551f25414af942eb23004bd0b21ff94d594cd656043d,65,SI
FABIA 2021,TUBO PLÁSTICO CON SENSOR DE FLUJO,TUBO Plástico CON Sensor DE Flujo,,VENDIDO,SANTIAGO,0,0,,,TUBO mal escrito (debería ser TUBO); SENSOR mal escrito (debería ser SENSOR); Precio es 0 - probablemente sin precio; Último precio es 0 - probablemente sin precio,2025-07-04 02:14:41,fc556b5950a314504a5328e7068b56c2670ec6139b5fed8b851a60a6b565a9d8,75,NO
FABIA 2021,TURBO,Turbo,,VENDIDO,SANTIAGO,190000.0,170000.0,,,,2025-07-04 02:14:41,499be1e155b94f84f22b4e1f373d0c57c284f87c7f280460757660142b4c3725,100,NO
FABIA 2021,UNIDAD CONTROLADORA DE COMBUSTIBLE,Unidadd Controladora DE Combustible,,DISPONIBLE,,65000.0,60000.0,,,COMBUSTIBLE mal escrito (debería ser COMBUSTIBLE); UNIDAD mal escrito (debería ser UNIDAD); UNIDA mal escrito (debería ser UNIDAD); CONTROL mal escrito (debería ser CONTROL); Sin ubicación especificada,2025-08-03 02:14:41,cb6502f14299f488eae614b8c6fb161078ef2d8a717925acfd24e6e6d80c7119,80,NO
FABIA 2021,VARILLA DE CAPOT,Varilla DE CAPÓ,,DISPONIBLE,SANTIAGO,0,0,,,CAPOT mal escrito (debería ser CAPÓ); CAPO mal escrito (debería ser CAPÓ); Precio es 0 - probablemente sin precio; Último precio es 0 - probablemente sin precio,2025-08-03 02:14:41,b7d9e0a0c9c463c79052d326eb3fe49c107041bbf756ceb82bf0005ed093b6bd,65,SI
FABIA 2021,VIDRIO LUNETA PUERTA TRASERA LH,Vidrio Luneta Puerta,Izquierda Trasera,DISPONIBLE,SANTIAGO,45000.0,40000.0,,,Posición LH detectada; Posición TRASERA detectada,2025-08-03 02:14:41,f210522edaeb0b5f7273b3fc82a119565dac63771ff1982d51e7f7d2e233f509,100,NO
FABIA 2021,VIDRIO LUNETA PUERTA TRASERA RH,Vidrio Luneta Puerta,Derecha Trasera,NO DISPONIBLE,,45000.0,40000.0,,,Posición RH detectada; Posición TRASERA detectada; Sin ubicación especificada,2025-08-03 02:14:41,d369eb543c66cdb399573f9a3142954e942e4b601f277d4c4da24192fa9a826c,90,NO
FABIA 2021,VIDRIO PUERTA DELANTERA LH,Vidrio Puerta,Izquierda Delantera,NO DISPONIBLE,N/A,0,0,,,Posición LH detectada; Posición DELANTERA detectada; Precio es 0 - probablemente sin precio; Último precio es 0 - probablemente sin precio,2025-08-03 02:14:41,e7bd154802a02b86a2901893f2c1c53623fc6677196a9e00438bb4d506069be5,85,NO
FABIA 2021,VIDRIO PUERTA DELANTERA RH,Vidrio Puerta,Derecha Delantera,DISPONIBLE,SANTIAGO,65000.0,60000.0,,,Posición RH detectada; Posición DELANTERA detectada,2025-08-03 02:14:41,4cb05b4612b17d6b14d5b0c232dc6dc0c90f29c8b658baca4ce62edf34515a49,100,NO
FABIA 2021,VIDRIO PUERTA TRASERA LH,Vidrio Puerta,Izquierda Trasera,DISPONIBLE,SANTIAGO,65000.0,60000.0,,,Posición LH detectada; Posición TRASERA detectada,2025-08-03 02:14:41,9ff2b1dbfe7bd84b96d9467b94fe45979f08e5f975d8a329c4e720f6c4303021,100,NO
FABIA 2021,VIDRIO PUERTA TRASERA RH,Vidrio Puerta,Derecha Trasera,NO DISPONIBLE,N/A,65000.0,60000.0,,,Posición RH detectada; Posición TRASERA detectada,2025-08-03 02:14:41,9f4ca9cb5dd08ca1e4ad76280897d6276c03941be0f99d5f0a176c677cd81920,100,NO
FABIA 2021,VOLANTE,Volante,,DISPONIBLE,SANTIAGO,35000.0,30000.0,,,VOLANTE mal escrito (debería ser VOLANTE),2025-08-03 02:14:41,59bd714ea6c30ab9bd186e880586ee2033cdab6aeb4a5852f2266a19d567b482,90,NO
FABIA 2021,YUGO TRASERO,YUGO,Trasera,VENDIDO,SANTIAGO,200000.0,180000.0,,,Posición TRASERO detectada,2025-07-04 02:14:41,eb79ae7e06e4fdf10065e92aeafa294bb9ee9678b7a5a555840aec5dc533d79b,100,NO
